patient_id,CCDC113,SLC26A8,PPP1R3D,LOC100131780,CLEC4C,label,source
SYN_0001,3.5654786205300475,3.253085239392037,6.725726692007264,7.803225802739146,5.1349905041705375,1,monte_carlo_synthetic
SYN_0002,3.32562284428089,3.408553896388835,6.5612525838841655,7.625239873448432,5.988771604677607,1,monte_carlo_synthetic
SYN_0003,3.2345345145108304,3.435288172807434,6.49950451407141,7.806580378120439,5.37779396660667,1,monte_carlo_synthetic
SYN_0004,3.3523423288356695,3.357235761338803,6.597833964448188,7.8492963386577586,5.863269049035576,1,monte_carlo_synthetic
SYN_0005,3.5254296726120797,3.102478905188089,6.429674186557295,7.591768823127813,4.8337941281744055,1,monte_carlo_synthetic
SYN_0006,3.6429806077555495,3.7879804654362386,5.941219655093207,7.382830331137469,5.160970986842001,0,monte_carlo_synthetic
SYN_0007,3.4090682887286907,3.392312268789162,5.99134637618634,7.806406529003077,5.105821193010092,1,monte_carlo_synthetic
SYN_0008,3.3985008270740398,3.208481916055839,6.214948697571788,7.916664460391285,5.709138059943305,1,monte_carlo_synthetic
SYN_0009,3.8719313110809046,2.8216349725663505,5.98062866134333,7.329210231951412,5.385987123946006,0,monte_carlo_synthetic
SYN_0010,3.1303076380856467,3.40968736458386,6.442092203262089,7.958479245038559,5.380599857483926,1,monte_carlo_synthetic
SYN_0011,3.3327530398088347,4.101849227646594,5.4522757766843295,7.384179696104936,4.899732632529368,0,monte_carlo_synthetic
SYN_0012,3.3173785812016097,3.2139334535431043,6.30719484096776,7.803229580686064,5.1720450091480235,1,monte_carlo_synthetic
SYN_0013,4.316593833730319,3.7087658790378977,6.530745375177958,7.515366287839684,5.7096760443026815,0,monte_carlo_synthetic
SYN_0014,3.2859499124918115,3.464135915404522,6.595319973716456,7.877370526540273,5.697973503988754,1,monte_carlo_synthetic
SYN_0015,3.300422117785566,3.6332428383470106,6.262929438140779,7.810069071987034,6.258048529415559,1,monte_carlo_synthetic
SYN_0016,3.341162384022304,3.2229098047217697,6.4112867007263805,7.659924587105337,5.489504634857561,1,monte_carlo_synthetic
SYN_0017,4.070455469066189,4.153020603426836,6.35627988454472,7.446255638788147,4.945213029361246,0,monte_carlo_synthetic
SYN_0018,3.3996473591576835,3.2678607820293175,6.3171636588314595,7.635658160636654,5.368786151863356,1,monte_carlo_synthetic
SYN_0019,4.043831170112041,3.61199896053379,5.341630244998308,7.487763925329515,4.98684573044732,0,monte_carlo_synthetic
SYN_0020,3.323652708432871,3.4662062703440886,6.29809886254638,7.957909639146425,5.790735465064755,1,monte_carlo_synthetic
SYN_0021,3.37147427131676,3.2400760167716314,6.783080547573885,7.557506254871341,5.237218345751445,1,monte_carlo_synthetic
SYN_0022,3.381619198095878,3.191810920383002,6.850190887591349,7.7126617054063304,5.523980662514253,1,monte_carlo_synthetic
SYN_0023,3.3152185684471718,3.4145235992681924,6.151611096897825,7.607606950565457,5.4210902728198285,1,monte_carlo_synthetic
SYN_0024,4.357399671470015,4.493095730732732,6.72878253834362,7.578991498275693,6.083293934271579,0,monte_carlo_synthetic
SYN_0025,3.067635247922503,3.2500923881343127,6.477505051153091,7.871783169551574,5.523083748288273,1,monte_carlo_synthetic
SYN_0026,3.412407695241578,3.28590964943755,6.290140928671958,7.637272177871563,5.351803550540379,1,monte_carlo_synthetic
SYN_0027,3.098996589447108,3.383611910715768,6.9197171706269955,7.80422686912507,6.090045691045988,1,monte_carlo_synthetic
SYN_0028,3.55440296945257,3.3532938346247514,6.263772053954578,7.508038032315558,4.934691785946533,1,monte_carlo_synthetic
SYN_0029,3.4442099082236783,3.2364001921099126,6.746495104018811,7.832014011171735,5.860729353727049,1,monte_carlo_synthetic
SYN_0030,3.2829731989041626,3.401407445588113,6.087182280266252,7.895903527134097,5.77779337111965,1,monte_carlo_synthetic
SYN_0031,3.486787383303846,3.494821872242669,6.388461159149028,7.731092415240717,5.062033695685586,1,monte_carlo_synthetic
SYN_0032,3.562561974748661,3.256384911572563,6.415739324052721,7.783241899138862,5.4985553151529745,1,monte_carlo_synthetic
SYN_0033,3.665948864275576,3.5290889687759,6.741811041843414,8.181360350665516,5.649820579857461,1,monte_carlo_synthetic
SYN_0034,3.192351751687381,3.3397195814090463,6.912046657415493,7.754065245147394,5.146147149191726,1,monte_carlo_synthetic
SYN_0035,3.2239464047390847,3.5611352372413205,6.51624773924312,7.934322968135988,5.741067342814877,1,monte_carlo_synthetic
SYN_0036,3.205324347858862,3.4282125571910274,6.703455107437953,7.923967426121438,5.9714055009346385,1,monte_carlo_synthetic
SYN_0037,3.1979937119991115,3.465518672437412,6.249256592949186,7.626127051564967,5.3877104480663425,1,monte_carlo_synthetic
SYN_0038,3.7473765702007666,4.521216041169087,6.055783566539138,7.30106247724657,4.94153587438219,0,monte_carlo_synthetic
SYN_0039,3.3766079971028344,3.329090383597012,6.883104060009721,7.933740088473207,5.476524184925692,1,monte_carlo_synthetic
SYN_0040,3.4192489462004625,3.36431114823221,6.509351061183937,7.781868412091676,5.473819576606572,1,monte_carlo_synthetic
SYN_0041,3.497598595982905,3.3981058991716853,6.564685223455168,7.941713597632775,5.81026750583559,1,monte_carlo_synthetic
SYN_0042,3.252095144673667,3.378315862200429,6.645688572452263,7.444643270476816,5.621845349555613,1,monte_carlo_synthetic
SYN_0043,3.239720464026338,3.3380807420469147,6.309062884746249,7.606626598520076,5.365659172530661,1,monte_carlo_synthetic
SYN_0044,3.303206634814322,3.2357097040394134,6.00424076691249,7.710602271577885,5.094936904115419,1,monte_carlo_synthetic
SYN_0045,4.395370616233833,3.305298374205493,5.603295800626421,7.24979194899475,5.05424779555055,0,monte_carlo_synthetic
SYN_0046,3.6198187268553728,3.6281800077769297,6.517535474643271,7.704675227619597,5.596881212731774,0,monte_carlo_synthetic
SYN_0047,3.3280694805185327,3.4726876198082905,6.353056002606386,7.948969730447835,5.511934524938118,1,monte_carlo_synthetic
SYN_0048,3.456666300830203,3.391202060930974,6.474702351353686,7.866154130744312,5.260157043453502,1,monte_carlo_synthetic
SYN_0049,3.4996352177196868,3.2929828959736764,6.278712132405909,7.742196253392538,5.166123158545291,1,monte_carlo_synthetic
SYN_0050,3.763875071507575,3.930108688348169,6.421021593543463,7.313474960450753,5.205330289196276,0,monte_carlo_synthetic
SYN_0051,3.605190094505688,4.344003900268094,4.8810447480782075,7.46685306662125,3.9584057192205417,0,monte_carlo_synthetic
SYN_0052,3.2308659970663993,3.4670237381994147,6.2699894593275785,7.915112793166067,5.450550097309895,1,monte_carlo_synthetic
SYN_0053,4.0940764352971115,3.4497976594822357,6.914753389944958,8.250388622627545,5.271668150400987,0,monte_carlo_synthetic
SYN_0054,3.7120247532901502,4.693733470618168,6.302676959205974,7.448329751382507,4.813468310546774,0,monte_carlo_synthetic
SYN_0055,3.1028895344581433,3.3887937293608195,6.156454455317418,7.901159457000897,5.396453838033235,1,monte_carlo_synthetic
SYN_0056,3.4562078691964393,3.5141560198069137,6.687975373085906,8.202708944521959,6.058774316228701,1,monte_carlo_synthetic
SYN_0057,3.147448161094055,3.341264744709664,6.857922416843239,7.949322139202759,5.992256502636445,1,monte_carlo_synthetic
SYN_0058,3.265143626594401,3.422504017826191,6.6547577576819155,8.07884926509572,5.88315471585708,1,monte_carlo_synthetic
SYN_0059,3.2185272727551673,3.317793600020638,6.4009222084382165,7.90451325940183,5.598053948815748,1,monte_carlo_synthetic
SYN_0060,3.5926562693112247,3.2119586315955337,6.119871333729359,7.650353465442925,4.649825049580596,1,monte_carlo_synthetic
SYN_0061,3.5216142365053154,3.3492987348707945,6.834583628751975,7.805629715437724,5.366229365294743,1,monte_carlo_synthetic
SYN_0062,3.174280951961496,4.988364200410088,5.7551128420045945,7.5781745803256415,4.770735028718412,0,monte_carlo_synthetic
SYN_0063,3.6024516559425517,3.445210258545458,6.465327561115498,8.018359812529956,5.646861741853683,1,monte_carlo_synthetic
SYN_0064,3.810804962371733,3.366868821534096,7.040979097195748,7.810061349648102,5.642378984162219,1,monte_carlo_synthetic
SYN_0065,3.015427303379128,3.366986645428337,6.342110322055552,7.6270360131850765,5.615821112459018,1,monte_carlo_synthetic
SYN_0066,3.505669608154486,3.141839653336096,6.139843353545896,7.070497062758237,4.904785383836955,0,monte_carlo_synthetic
SYN_0067,3.404205412088101,3.407444354829486,6.393115352761984,7.736882173190772,5.239670385190721,1,monte_carlo_synthetic
SYN_0068,3.5947513412979957,3.4578546365858394,5.633071535598782,8.044150870264467,5.492092152969955,1,monte_carlo_synthetic
SYN_0069,3.1410209099017625,3.273829667740191,6.223059475511654,7.532319471052826,5.14556924814218,1,monte_carlo_synthetic
SYN_0070,3.397499665187546,3.3670914186745846,6.568248422418332,8.155099432130893,5.482359711283648,1,monte_carlo_synthetic
SYN_0071,4.7819929259551195,4.475864604904852,6.6395715473011885,7.879668876652569,5.528159041861098,0,monte_carlo_synthetic
SYN_0072,3.6709271102063927,3.194062269881999,6.468606599282181,8.003921481566802,5.451589549868387,1,monte_carlo_synthetic
SYN_0073,3.185969894816521,3.712778882473685,5.308112126889717,7.381213674974834,4.604446160011077,0,monte_carlo_synthetic
SYN_0074,3.161792568881495,3.41768810241761,6.140630406096108,7.5428451532694085,5.0059265709205905,1,monte_carlo_synthetic
SYN_0075,3.3347816107855595,3.358845997824725,6.269964426726604,8.090971266645887,5.866662048346249,1,monte_carlo_synthetic
SYN_0076,3.5595032266119686,3.432195669228532,6.4096830488947445,7.799043351422383,5.522642366915161,1,monte_carlo_synthetic
SYN_0077,3.537568563374331,3.3213073601278653,6.534235339719673,7.847265565068818,5.493482635303737,1,monte_carlo_synthetic
SYN_0078,3.608690003074377,4.312898024843823,5.335819918762268,7.67932077155081,4.684906149285589,0,monte_carlo_synthetic
SYN_0079,3.6686428569783756,3.6213347114886907,6.659875170605908,7.824178168720122,5.079017456516258,0,monte_carlo_synthetic
SYN_0080,3.3016511478483204,3.301307038511384,6.476107425739496,7.604732397891168,5.218893494094446,1,monte_carlo_synthetic
SYN_0081,3.423808289073443,3.3983798192040346,6.98718132936722,8.096723650431095,5.390310268407815,1,monte_carlo_synthetic
SYN_0082,3.3974389174278503,3.2858525030918573,6.320586024217792,7.646942442721416,5.390194691306533,1,monte_carlo_synthetic
SYN_0083,3.2889958951128015,3.2258242805422768,6.494903295322963,7.692712614990964,5.722664220699453,1,monte_carlo_synthetic
SYN_0084,3.497088285054974,3.462728466399726,7.2070289396924565,7.959993218819539,5.676288428380078,1,monte_carlo_synthetic
SYN_0085,3.255406380395505,3.5004592075522467,6.920509340061511,7.838395503995494,5.40040354964666,1,monte_carlo_synthetic
SYN_0086,3.4043775837491803,3.345554332959847,6.920943557089408,7.46717380781667,5.5972173884089,1,monte_carlo_synthetic
SYN_0087,3.2466298802229536,3.3432584944589996,6.2287777993960205,7.7649254930728695,5.485189839802403,1,monte_carlo_synthetic
SYN_0088,4.1357426120814464,2.913964204602874,6.31031487077818,7.102649071435767,5.527493440267804,0,monte_carlo_synthetic
SYN_0089,3.397523285422393,3.197755810799163,6.477959320415604,7.5360498913071075,5.4695487029972165,1,monte_carlo_synthetic
SYN_0090,3.2020162664264897,4.313623550495331,6.400964940381832,7.535667602293256,4.951095906989571,0,monte_carlo_synthetic
SYN_0091,3.3695168909128053,3.273858261952863,6.13308394957453,7.784769336678514,5.437797345875543,1,monte_carlo_synthetic
SYN_0092,3.2443331145480987,3.474835194807147,7.066818304591109,8.220297965344981,6.182431702057456,1,monte_carlo_synthetic
SYN_0093,3.6346237320788255,3.4927978726842075,6.502458468593244,7.954658163345677,4.874877307962815,1,monte_carlo_synthetic
SYN_0094,3.150748839119553,3.3102799028605268,5.966276739291076,7.750272606547164,5.771717756135844,1,monte_carlo_synthetic
SYN_0095,3.5609890729768883,3.1670893565604628,7.014863163189036,7.6520259756605835,5.432747115391307,1,monte_carlo_synthetic
SYN_0096,3.919327079049216,3.964235810308144,5.215960908399811,6.969990216569704,4.514958613529004,0,monte_carlo_synthetic
SYN_0097,3.9364425811329244,2.8120707717980706,5.889504788082749,7.023897972709126,5.1468360101834545,0,monte_carlo_synthetic
SYN_0098,3.4772296180178133,3.3708993173454527,6.591469724425082,7.828801593886788,5.1972313169030455,1,monte_carlo_synthetic
SYN_0099,3.1780172779446216,3.1737941560673035,6.5310141861904745,7.406480978601067,5.663768071266315,1,monte_carlo_synthetic
SYN_0100,3.4133909076179765,3.265100352512353,6.789274521062197,7.656592253016377,5.593009100168433,1,monte_carlo_synthetic
SYN_0101,3.2367953965007876,3.2819385713884937,6.21748026102771,8.03941792359858,5.651313939890741,1,monte_carlo_synthetic
SYN_0102,4.128058490954611,3.8324503622322164,5.819558532935751,7.405675255412638,5.223788002445938,0,monte_carlo_synthetic
SYN_0103,3.787100943468773,3.350834156104273,6.789740118919413,7.703205223908626,5.655249886857274,1,monte_carlo_synthetic
SYN_0104,3.4165138181780828,3.2912238128919435,6.392513337342064,7.861963779777918,5.555889624280494,1,monte_carlo_synthetic
SYN_0105,3.2455128871831542,3.4122139037172086,6.382894266078334,7.8571678743617825,5.368510608471648,1,monte_carlo_synthetic
SYN_0106,3.271670917591586,3.314541572936337,6.209825227437811,7.734979157188992,5.496236410525141,1,monte_carlo_synthetic
SYN_0107,3.896590254469839,4.989435163847945,5.93391632452005,7.44881830840517,5.331655128483533,0,monte_carlo_synthetic
SYN_0108,3.444810447939913,3.3463771028890212,6.8357723226669265,7.855947307336462,5.551208128542261,1,monte_carlo_synthetic
SYN_0109,3.3418825744954437,3.401929705098453,6.940759852932567,7.940045805734789,5.252348277864618,1,monte_carlo_synthetic
SYN_0110,3.452156369579825,3.3230384188317497,6.996970697312276,7.610304893696963,5.833036664869789,1,monte_carlo_synthetic
SYN_0111,3.02299362628707,3.4180987588115035,6.794452556905261,7.783849458018338,5.2902756117207606,1,monte_carlo_synthetic
SYN_0112,3.6134747591700633,3.3499633861313742,6.305165024665931,7.7249504325941585,5.438035764263443,1,monte_carlo_synthetic
SYN_0113,3.3107685749896083,3.300677022928201,6.113320697024112,7.5159130476905105,4.97101896681221,1,monte_carlo_synthetic
SYN_0114,3.2747828372781838,2.9265161610933603,5.235142906398654,7.3665936751286845,4.692289310121694,0,monte_carlo_synthetic
SYN_0115,4.16291609073066,3.5778277785619284,5.390760166229227,7.0835255722458825,4.0971093982094695,0,monte_carlo_synthetic
SYN_0116,3.711690069620407,3.5003937836155474,6.745842478464718,8.216611252188192,5.376847606090256,1,monte_carlo_synthetic
SYN_0117,3.421969515620317,3.3707798837787784,6.2211267186112265,7.80220106760934,5.214466218464892,1,monte_carlo_synthetic
SYN_0118,3.491539976209584,4.067422867639976,5.090322313068708,7.153130072611388,4.2870986595746485,0,monte_carlo_synthetic
SYN_0119,3.3862679751634728,3.38262238463155,6.121218721814451,7.394374712035733,5.142958986460445,0,monte_carlo_synthetic
SYN_0120,3.548485261811343,3.337239997838034,6.8771622940630115,8.008417888623947,5.252411606814288,1,monte_carlo_synthetic
SYN_0121,3.3936237701169896,3.3789307325270213,6.915316828927141,7.585837507811651,5.292218858128919,1,monte_carlo_synthetic
SYN_0122,3.0724452314261863,3.501624670638724,6.189399343654343,7.775581279024684,5.705836151387745,1,monte_carlo_synthetic
SYN_0123,4.010583748028486,4.137926812017497,5.542771436326993,7.133418690885359,4.701604938931603,0,monte_carlo_synthetic
SYN_0124,3.532649216831807,3.3241279649849726,6.112387225739141,7.766545485112525,5.482210262942962,1,monte_carlo_synthetic
SYN_0125,3.757089060386259,4.160676645812904,5.567388761742232,6.967245951588299,4.380319302791648,0,monte_carlo_synthetic
SYN_0126,3.335949469311099,3.4372669616818197,6.624285996366557,7.707557108598061,5.220085433275322,1,monte_carlo_synthetic
SYN_0127,3.5323895130459246,3.4056922670017715,6.4925803476362605,7.695954040060264,5.584392279404226,1,monte_carlo_synthetic
SYN_0128,4.298022829383227,3.866151281295453,6.45632174678221,7.46871349440466,5.410832635616721,0,monte_carlo_synthetic
SYN_0129,4.000612288668413,3.8688851248489446,6.116829194697929,7.479329317639056,5.390252571791211,0,monte_carlo_synthetic
SYN_0130,3.7570164042774334,3.6057380102175403,6.1144592392298005,7.417211719209438,5.279021523071385,0,monte_carlo_synthetic
SYN_0131,3.4437178851317407,3.242828511697081,6.788447926413038,8.056686653993214,5.2313588096899855,1,monte_carlo_synthetic
SYN_0132,3.395974630334363,4.420223321183763,5.392927077627455,7.228193993872188,4.687590636658313,0,monte_carlo_synthetic
SYN_0133,4.126778431675788,3.9954645870906615,6.894612564330357,7.856130709650657,5.664789899079182,0,monte_carlo_synthetic
SYN_0134,3.369087499865111,3.378355770990576,6.433551595388923,7.564188203529401,5.5279897055776965,1,monte_carlo_synthetic
SYN_0135,3.166626469817931,3.301194095541249,6.895280902643748,7.614203177220279,5.56195424259607,1,monte_carlo_synthetic
SYN_0136,3.511688335889843,3.5121112114930293,6.575196292160658,8.057655117862957,5.461713358637149,1,monte_carlo_synthetic
SYN_0137,3.7968654285685832,4.495418157204603,6.127430582004725,7.601560181471632,4.804495275751918,0,monte_carlo_synthetic
SYN_0138,3.3196566022276346,3.210895999167622,6.760155136162424,7.871904353211465,5.6469289066585056,1,monte_carlo_synthetic
SYN_0139,3.9810318006121563,3.8290189751440575,6.348220497306453,7.702873446029725,5.687987692905348,0,monte_carlo_synthetic
SYN_0140,3.2519899174822444,3.40552439097831,6.510791747713037,7.6306645657390835,5.238442059405885,1,monte_carlo_synthetic
SYN_0141,3.3104096990263736,3.276889275877161,6.553289829217104,7.756055402532517,6.009545075483072,1,monte_carlo_synthetic
SYN_0142,3.1620830083106917,3.3804596376375105,6.57459525874862,7.448282720011741,5.384091594966112,1,monte_carlo_synthetic
SYN_0143,3.443558638298047,3.3493980423026977,6.789471915548754,7.9744410943612145,5.451499253674795,1,monte_carlo_synthetic
SYN_0144,3.465655600601942,3.3296255174106233,6.651108194142749,7.736839859996642,5.391980911479098,1,monte_carlo_synthetic
SYN_0145,3.3794385939074427,3.477566090214518,6.865302281410476,7.748201231542012,5.819843898022308,1,monte_carlo_synthetic
SYN_0146,3.5541818688980555,3.526291045113755,5.207630783873116,7.088198526401725,3.773424424220467,0,monte_carlo_synthetic
SYN_0147,3.4351793964777837,3.2402624067720525,7.045845479439102,7.7332569881907105,5.757596744444999,1,monte_carlo_synthetic
SYN_0148,3.0896986034918377,3.1761990384426566,5.699407610899418,7.53592982157524,4.197835130354771,0,monte_carlo_synthetic
SYN_0149,3.506998962870447,3.376825079995475,5.968755736447618,6.872621682954288,4.960411314543266,0,monte_carlo_synthetic
SYN_0150,3.709509668484929,3.262805109000232,5.898879115174784,7.674574889990491,4.692711685321124,0,monte_carlo_synthetic
SYN_0151,3.482129822852177,3.4029671500382115,6.587351484578578,8.005270340928279,5.787435122494374,1,monte_carlo_synthetic
SYN_0152,3.862578591245788,3.808513624599853,5.787842023428528,7.4721402982557175,4.990058366881687,0,monte_carlo_synthetic
SYN_0153,3.335817261732613,3.2862527664417387,6.3797838080220695,7.66952441152741,5.6960247960974595,1,monte_carlo_synthetic
SYN_0154,3.888087159489879,3.520083563015305,6.226472582319535,7.530107681472888,5.393223271033246,0,monte_carlo_synthetic
SYN_0155,3.4329287353190074,3.3767463925112926,6.481781156330665,7.797186284921401,5.448098125256733,1,monte_carlo_synthetic
SYN_0156,3.1708897009340253,3.3175186728339234,6.71972938661309,7.7477548241754794,5.878170492661284,1,monte_carlo_synthetic
SYN_0157,3.2018906931805597,3.2506339980290613,6.566660032133131,7.9128424066390615,5.560423241931644,1,monte_carlo_synthetic
SYN_0158,3.517085573523214,3.4031204923253013,7.077946220587634,8.04021773582603,5.525473433690107,1,monte_carlo_synthetic
SYN_0159,4.2454048323104105,3.1575911651144484,5.441901448793101,7.195663360030829,4.592093678365531,0,monte_carlo_synthetic
SYN_0160,3.462381386791377,3.4075533620853653,6.419773800179557,7.580141491867986,5.659550306712024,1,monte_carlo_synthetic
SYN_0161,3.852892146410239,3.6388305506182026,6.250052251294314,7.306901994303525,4.882031972561269,0,monte_carlo_synthetic
SYN_0162,3.1532342370964668,3.433918753430038,6.498690924254533,7.891722015794792,5.817456814343025,1,monte_carlo_synthetic
SYN_0163,3.2516341827485453,3.3649980211776302,6.535050876307856,7.829748956487976,5.656566558144497,1,monte_carlo_synthetic
SYN_0164,3.4592184391790255,3.903192518275429,4.94849977124706,6.683619436762094,3.8967686336009333,0,monte_carlo_synthetic
SYN_0165,3.46893667124802,3.4201059592805088,6.40991942862805,7.7130705931786165,5.391495000399631,1,monte_carlo_synthetic
SYN_0166,3.524705326295792,3.4309941827611357,6.707348286250691,7.901345689414115,5.594265933164271,1,monte_carlo_synthetic
SYN_0167,3.264330571374131,3.3164982593426893,6.649289258560577,7.9589161239302495,5.3669924754856675,1,monte_carlo_synthetic
SYN_0168,3.142126362040417,3.345619838773605,6.616367063214291,7.440282632843798,5.387335673306946,1,monte_carlo_synthetic
SYN_0169,3.35626192461107,3.2487192301737147,6.439274304315441,7.665337528500688,5.320147992287406,1,monte_carlo_synthetic
SYN_0170,3.2412132067665964,3.3152338742046545,6.1945139120812645,7.744928266432659,5.493200198748367,1,monte_carlo_synthetic
SYN_0171,3.4836655591747516,3.9068610812659736,5.819311288428184,7.615833622764576,4.983263529092999,0,monte_carlo_synthetic
SYN_0172,3.7113553404108566,3.299852502156854,6.471585601897994,7.705765512440253,5.326401420152756,1,monte_carlo_synthetic
SYN_0173,3.595986718682548,3.432324432783227,6.835062361331681,7.778010715354937,5.291140962866637,1,monte_carlo_synthetic
SYN_0174,3.5110572017848622,3.47546408046283,6.924807961821607,8.036841371081936,6.038985785085742,1,monte_carlo_synthetic
SYN_0175,3.369218180643429,3.8083214712937865,6.567372108601616,7.7771613200154395,5.139658018072264,0,monte_carlo_synthetic
SYN_0176,3.174249385623355,3.380986749251154,6.599796442496499,7.757712765745264,5.508242458130817,1,monte_carlo_synthetic
SYN_0177,3.2474152303072694,3.274922622461214,5.93158597002204,7.492270457288353,5.156858819813455,1,monte_carlo_synthetic
SYN_0178,3.22727271104449,3.398361650381048,6.302175878970845,7.799279848337625,4.860730797947006,1,monte_carlo_synthetic
SYN_0179,3.3666185720608826,3.066178419203693,5.999172545970482,7.3964278464605195,5.124327260529859,1,monte_carlo_synthetic
SYN_0180,3.5100811102668765,3.334141060268776,6.4040237242265245,8.044351076218813,5.608232199984148,1,monte_carlo_synthetic
SYN_0181,3.4801277495262606,3.2735162164659406,6.686440470478077,7.469845020476752,4.981580384728347,1,monte_carlo_synthetic
SYN_0182,3.6533118219645377,3.2158149821646957,6.306521925089011,7.834544383194252,5.239371831178301,1,monte_carlo_synthetic
SYN_0183,3.30150396447608,3.129600766829035,6.193391200606202,7.657845196315559,5.641567771949726,1,monte_carlo_synthetic
SYN_0184,3.742045650383471,3.3948861898762615,6.390072416566715,7.649645445550417,5.3832555221252685,1,monte_carlo_synthetic
SYN_0185,3.3915165600430828,3.4791058774150825,6.470945540462781,7.952961194307588,5.668520152907629,1,monte_carlo_synthetic
SYN_0186,3.50335789062161,3.4508316539675308,7.088195684864588,8.194923293039459,5.918811899942136,1,monte_carlo_synthetic
SYN_0187,3.619746517714621,3.4576426728645977,6.662899643575236,8.102787943756898,5.726531408441089,1,monte_carlo_synthetic
SYN_0188,3.6857722749313337,3.2904598037473485,6.27387555236622,7.685735805708883,5.565123143321411,1,monte_carlo_synthetic
SYN_0189,3.0715571644255206,3.4329413131363222,6.146771824232764,7.766247628507357,5.103104184312416,1,monte_carlo_synthetic
SYN_0190,3.5771606631129678,3.131570982961711,6.295328115391058,7.895939094914693,5.463346037034401,1,monte_carlo_synthetic
SYN_0191,3.248650185183508,3.3179934715598822,6.291932058871105,7.543166341740609,5.477527425327787,1,monte_carlo_synthetic
SYN_0192,3.1164287923939793,3.4718057341011503,5.979392372883366,7.499763091371453,5.3329839203185765,1,monte_carlo_synthetic
SYN_0193,4.2535133342689475,4.205929956314242,6.455283916555428,7.413939517283024,5.250555428998514,0,monte_carlo_synthetic
SYN_0194,3.545328467907578,3.463896706919534,6.245332430014708,7.354398272261405,5.219084915350774,0,monte_carlo_synthetic
SYN_0195,3.1030879935549494,3.3593256236900357,6.162718372224933,7.843782592477894,5.959903889607962,1,monte_carlo_synthetic
SYN_0196,3.6115750710623225,3.482191307510917,5.756824068367951,7.344034757637224,4.6591333510022,0,monte_carlo_synthetic
SYN_0197,3.5721690962256356,3.3739360660888584,6.645568469943423,7.919911689369228,5.1681916473300635,1,monte_carlo_synthetic
SYN_0198,3.2785424921125355,3.3633863947461413,6.615405301850677,7.565308734222124,6.033258208344776,1,monte_carlo_synthetic
SYN_0199,4.485667784943605,3.395107668707355,5.600226452947479,6.909856248034831,4.3676975562857345,0,monte_carlo_synthetic
SYN_0200,3.3727358018671105,3.29251315975033,6.560867482555916,7.676209231760311,5.387541158647791,1,monte_carlo_synthetic
SYN_0201,3.7110870570274694,3.307532363844838,6.905297213192519,7.803770107430731,5.493108017467003,1,monte_carlo_synthetic
SYN_0202,3.225802152948686,3.2563618426823724,6.427528616863693,7.656924198439004,5.279395373676092,1,monte_carlo_synthetic
SYN_0203,3.1015371189304544,3.353840373736244,6.05312978903715,7.857138974805972,5.596010288405589,1,monte_carlo_synthetic
SYN_0204,3.3713995303231052,3.3039705323592945,6.092244296369676,7.618157472904659,4.722014831364863,1,monte_carlo_synthetic
SYN_0205,3.4997386802821513,3.3906991565859643,6.226335845108685,7.886622097078798,5.359059043683657,1,monte_carlo_synthetic
SYN_0206,3.315165912323633,3.3370570810201876,6.282019098383583,7.733479034693314,5.169367258493455,1,monte_carlo_synthetic
SYN_0207,3.1696355340464084,3.2663338804035407,6.369871951444426,7.638020978692968,5.160876372834113,1,monte_carlo_synthetic
SYN_0208,3.345963401238925,3.350466718925098,6.48514951053782,7.665171620158705,5.341059141137322,1,monte_carlo_synthetic
SYN_0209,3.6450669705676977,3.3304567167960437,6.360730805979388,7.867711391139179,5.191512899319976,1,monte_carlo_synthetic
SYN_0210,3.2385387749789896,3.4129300355207985,6.5665732004846795,7.768596488622364,5.739283648610169,1,monte_carlo_synthetic
SYN_0211,4.118636072963673,4.388853637277024,5.421924254253607,7.138504983204106,3.9433987416585192,0,monte_carlo_synthetic
SYN_0212,3.3215107465852123,3.3174745803926013,6.234194813972964,7.507144492057709,5.3021771486342315,1,monte_carlo_synthetic
SYN_0213,3.290106912378235,3.3641777629623792,6.599874807897082,7.856250250380378,5.476754688388765,1,monte_carlo_synthetic
SYN_0214,3.319101239510836,3.4100456079139114,6.262814023938131,8.08763365732622,5.260807916931012,1,monte_carlo_synthetic
SYN_0215,3.4684712186064046,3.351566999014264,7.001046699880547,8.071552912791107,5.332836902759865,1,monte_carlo_synthetic
SYN_0216,3.3920291248109904,3.1205029925192904,6.428935417695809,7.47721624346725,4.977641234309763,1,monte_carlo_synthetic
SYN_0217,3.6067494742901918,3.321656860889377,6.728673548768091,7.78496678946741,5.103657362440697,1,monte_carlo_synthetic
SYN_0218,3.338104770853212,3.5465839991231434,7.088338809915419,8.036900744056657,5.719974723109448,1,monte_carlo_synthetic
SYN_0219,3.574175264232803,3.1319020504386814,6.240480528712316,7.617020647194348,5.5536125686720395,1,monte_carlo_synthetic
SYN_0220,4.286648169793352,3.644093201924975,5.452763785067154,7.220260869675063,4.762037682329888,0,monte_carlo_synthetic
SYN_0221,3.388698183521119,3.439191412087698,6.163218216410618,7.978840902952509,5.529892380033249,1,monte_carlo_synthetic
SYN_0222,4.727280303510741,4.162800190336241,6.2315809155884905,7.91307270156446,5.486179635056863,0,monte_carlo_synthetic
SYN_0223,3.242192119099502,3.3473197328119384,6.4278784191675635,7.77430455559769,5.245728990655285,1,monte_carlo_synthetic
SYN_0224,3.6799298187961496,3.469576273452051,6.439218250891,7.803850979010968,5.348053983182802,1,monte_carlo_synthetic
SYN_0225,3.330645314088896,3.342837809848853,6.584436082641248,7.902652287015233,5.072698993568442,1,monte_carlo_synthetic
SYN_0226,3.22276389360356,3.3667502088369843,6.627295754380034,7.956424136344954,5.816134347713543,1,monte_carlo_synthetic
SYN_0227,3.3208756205311563,3.2889963874373156,6.642708226596874,7.945525294791602,5.356154649736922,1,monte_carlo_synthetic
SYN_0228,4.580445359109761,3.969691846507706,6.3418224978304725,7.162549200156035,5.321112205195329,0,monte_carlo_synthetic
SYN_0229,3.422221256435434,3.3487648571265667,6.520961032320029,8.275923002881987,5.28336988870217,1,monte_carlo_synthetic
SYN_0230,4.393988326518128,3.639306797451462,5.393934133956978,7.514574425930924,4.781803863373277,0,monte_carlo_synthetic
SYN_0231,4.454345765475238,3.8341799410719504,5.972242916183904,7.116813635285848,4.964314916230572,0,monte_carlo_synthetic
SYN_0232,3.427777001446475,3.324779051794444,6.6712994344342365,7.672837705359216,5.7873595721153865,1,monte_carlo_synthetic
SYN_0233,3.1638109134325547,2.8857252856031526,5.595253827180178,7.5103333095831175,4.858638803331708,0,monte_carlo_synthetic
SYN_0234,3.429519645994247,3.1753331584886877,6.19518186275215,7.578176011846212,4.943542738494939,1,monte_carlo_synthetic
SYN_0235,3.388281682315193,3.35015929910261,6.172001397901508,7.6699345649488535,5.396455905928986,1,monte_carlo_synthetic
SYN_0236,3.5538122030348287,3.383788350134696,6.5396957390775405,7.910495698745164,5.522360193540991,1,monte_carlo_synthetic
SYN_0237,3.205024658994319,3.179752288544157,6.494080256765929,7.9322507644082645,5.858681307359659,1,monte_carlo_synthetic
SYN_0238,3.2269135938618017,3.472178652924006,6.164574319761866,8.090764142001065,5.587799045628087,1,monte_carlo_synthetic
SYN_0239,3.6179885155139573,3.4959718921750627,6.457131890324872,8.056867660723546,5.223853215589931,1,monte_carlo_synthetic
SYN_0240,3.5137968662216696,3.1837496304155484,6.616145076806754,7.899295790808559,5.577093369426356,1,monte_carlo_synthetic
SYN_0241,3.341142359712882,3.42921859596336,6.634272864565183,7.755197434559803,5.138341273068153,1,monte_carlo_synthetic
SYN_0242,3.579127038008872,3.404938721135413,6.73569597349268,7.742031442889257,5.287974418373477,1,monte_carlo_synthetic
SYN_0243,3.1635120207747196,3.5103018797642385,6.284533457625363,7.75128896702296,5.451707199278901,1,monte_carlo_synthetic
SYN_0244,3.2997387020699556,3.4390940207582377,6.359289577758285,7.872251608908252,5.292419749083564,1,monte_carlo_synthetic
SYN_0245,3.285723327142543,3.425324680429371,6.554293262324636,7.789399059961358,5.335305375817375,1,monte_carlo_synthetic
SYN_0246,3.446433138886316,3.3288892515757795,6.482593894015274,7.947880995007087,5.510482964212778,1,monte_carlo_synthetic
SYN_0247,3.18601065960114,3.431231879979697,5.869021801562323,7.807438289736443,5.785739855491691,1,monte_carlo_synthetic
SYN_0248,3.8258782520881405,3.793328262010824,6.186665345440783,7.48587260813026,4.733574788920795,0,monte_carlo_synthetic
SYN_0249,3.213252894112044,3.476978402636098,6.666676708175822,8.01467717852446,5.741908939166421,1,monte_carlo_synthetic
SYN_0250,3.3353676687174256,3.3875719254952674,7.0889455234721614,8.279718653571475,5.967901186960759,1,monte_carlo_synthetic
SYN_0251,3.491008111746806,3.3983897843468918,6.815659760146474,7.80913654533056,5.626004993508764,1,monte_carlo_synthetic
SYN_0252,4.1993165745559615,4.56063520661103,6.755127353939557,7.702872796937104,5.681710366603689,0,monte_carlo_synthetic
SYN_0253,3.413313053476332,3.5131261374658784,6.706641899996113,8.0416842758269,5.148528234927625,1,monte_carlo_synthetic
SYN_0254,3.9144024207984693,3.527089233552726,5.5831883095091035,6.898896500358947,4.793207287763794,0,monte_carlo_synthetic
SYN_0255,3.4781945150656015,3.1300213013571203,6.538097338668783,7.786928356266169,5.570861138429083,1,monte_carlo_synthetic
SYN_0256,3.5241711216479468,3.4284555633580154,6.329745695356088,7.847928888545844,5.271042024049373,1,monte_carlo_synthetic
SYN_0257,3.4509703871522244,3.342105277294928,6.121560043708624,7.872217496951397,5.544046687670969,1,monte_carlo_synthetic
SYN_0258,3.542569252641247,3.4447479453512866,6.93994482395591,8.018197983000258,5.4763648759615355,1,monte_carlo_synthetic
SYN_0259,4.307161198819692,3.7739814421612548,5.792478302991585,7.3151811589187075,4.53220748032972,0,monte_carlo_synthetic
SYN_0260,3.666129853016678,3.1740302811833754,6.3231905451066845,7.589431422816211,4.965319830512755,0,monte_carlo_synthetic
SYN_0261,2.825946132306279,4.051294731602578,4.980643392774718,7.1673451308172345,3.746340440175522,0,monte_carlo_synthetic
SYN_0262,3.56606236057528,3.352210286282813,6.309563758724916,7.998325493898602,5.465379521105058,1,monte_carlo_synthetic
SYN_0263,3.4168312163493892,3.2929362246921756,6.713172103430084,7.5754308642028745,5.567220691280203,1,monte_carlo_synthetic
SYN_0264,3.402608862166409,3.318146934597772,6.493193917093009,7.644286157940525,4.83664117486923,1,monte_carlo_synthetic
SYN_0265,3.339776904400947,3.9820470651741107,6.035393407785014,7.145397462816808,4.359512278483069,0,monte_carlo_synthetic
SYN_0266,3.4326885408274244,3.259768755977542,6.396184509454526,7.403865652843604,4.854679753609781,1,monte_carlo_synthetic
SYN_0267,3.430204099107987,3.4670704187507178,5.933651651355747,7.697661398152858,5.362111048995861,1,monte_carlo_synthetic
SYN_0268,3.3560521201765785,3.2294967648672173,6.237964642740982,7.754362658820697,5.444794961816926,1,monte_carlo_synthetic
SYN_0269,3.7216077267904666,3.2044113957025155,6.370462260702621,7.061998736243819,5.6956545262883145,0,monte_carlo_synthetic
SYN_0270,3.2945333696549173,3.9072011084740566,4.549452822683243,6.925100892017397,4.13706687581971,0,monte_carlo_synthetic
SYN_0271,3.3652354448524004,3.3280179508808407,6.488220473289479,7.678531711565872,5.467667572882329,1,monte_carlo_synthetic
SYN_0272,3.9457016036679717,4.307829447746797,5.857774695934472,7.483976883891835,4.166797041883509,0,monte_carlo_synthetic
SYN_0273,3.5886830683869406,3.2537387594149223,6.244686453195035,7.648117038632275,5.298843615956517,1,monte_carlo_synthetic
SYN_0274,3.3731318112160404,4.051820494482612,5.184053209786878,7.231767737708738,4.295965029271652,0,monte_carlo_synthetic
SYN_0275,3.614569195033637,3.230706783605759,6.7522140233951875,7.926365616449605,5.806821198716778,1,monte_carlo_synthetic
SYN_0276,3.2589865632782367,3.344716708384576,6.6574034076990385,7.967077811207869,5.607599980513179,1,monte_carlo_synthetic
SYN_0277,3.336028868263959,3.328184357314358,6.571146129876032,7.82308979761868,5.59955466058643,1,monte_carlo_synthetic
SYN_0278,3.193007256743125,3.361050479286956,6.571119857062808,7.807112112405192,6.0072714410565835,1,monte_carlo_synthetic
SYN_0279,3.8193948279993206,3.864657627252908,5.674447015725045,6.862259308676744,4.496906712931041,0,monte_carlo_synthetic
SYN_0280,3.1715361367481303,3.2687595956278277,6.208859741115315,7.502900231787582,5.502136817898155,1,monte_carlo_synthetic
SYN_0281,3.6075116579860924,3.178152263822889,6.317106622226166,7.539193741176282,4.71697437582304,1,monte_carlo_synthetic
SYN_0282,3.4873067085249057,3.30176679142276,6.132623351480856,8.101909766596403,5.066405648611859,1,monte_carlo_synthetic
SYN_0283,2.9339189246139292,3.3008266273262423,7.097215591626896,7.785544363547289,5.984177198978493,1,monte_carlo_synthetic
SYN_0284,3.376934212807556,3.3493676248508195,6.2817726232044455,7.817936953437867,5.276032416773153,1,monte_carlo_synthetic
SYN_0285,3.3858515371955926,3.409980144288327,6.968920123838165,7.736011063828554,5.91308462891594,1,monte_carlo_synthetic
SYN_0286,4.4583076188122694,4.159106881778068,6.777659931718489,7.759330052038048,5.16185970769502,0,monte_carlo_synthetic
SYN_0287,3.4392000761021997,3.2549358315181314,6.729910955371856,7.716282744770842,5.620883457084248,1,monte_carlo_synthetic
SYN_0288,3.374068297775751,3.4993722759300354,6.400515130283543,8.107709219519968,5.885233428711832,1,monte_carlo_synthetic
SYN_0289,3.2492560968697712,3.5402824064462766,6.230311473584295,8.005488307017586,5.698848103447158,1,monte_carlo_synthetic
SYN_0290,3.614355389021094,4.303880313105273,6.959495925947567,8.04214640093591,5.866273873399222,0,monte_carlo_synthetic
SYN_0291,3.9047374133914063,3.3627530679757665,5.881042795160194,7.166531463193415,4.686343783847765,0,monte_carlo_synthetic
SYN_0292,3.426269543692684,3.419072114351519,6.49400166939857,8.094879302334274,5.673301452377388,1,monte_carlo_synthetic
SYN_0293,3.559205181872413,3.2646285449791983,6.995282076326293,7.710357704839284,5.615108577379936,1,monte_carlo_synthetic
SYN_0294,3.927938184480738,3.676078130614166,5.712074468296203,7.519206222469035,4.506435282268424,0,monte_carlo_synthetic
SYN_0295,3.4417496987430862,3.2621928398831237,6.944421576094873,7.696599431700073,5.710209709003664,1,monte_carlo_synthetic
SYN_0296,3.6185095635499622,3.986575710696506,5.772390258798926,7.474416656897922,4.565860510604912,0,monte_carlo_synthetic
SYN_0297,3.687426348888957,3.441128836135928,6.542493599573164,8.000713816900836,5.613423784956175,1,monte_carlo_synthetic
SYN_0298,3.191759175954505,3.144555835467411,6.30257156717435,7.833877696826085,5.703108069909243,1,monte_carlo_synthetic
SYN_0299,3.514433718548542,4.017097062187894,5.450215884125067,7.275093118939229,4.043116536746707,0,monte_carlo_synthetic
SYN_0300,3.6747537195356914,3.237347570570612,6.944775560494711,8.092862300806969,5.560497052621459,1,monte_carlo_synthetic
SYN_0301,4.2454323059184125,3.2626832410136677,5.742980454361514,7.434802687065784,4.931432084165792,0,monte_carlo_synthetic
SYN_0302,3.310104775965489,3.3152775432574195,6.536718972796622,7.874055943215995,5.583303629651875,1,monte_carlo_synthetic
SYN_0303,3.668527443842424,3.232357969499422,6.678998983117172,7.927215987998811,5.411666837179381,1,monte_carlo_synthetic
SYN_0304,3.123783853973006,3.1997935951512653,6.034622746079393,7.468405356021905,5.279226846704375,1,monte_carlo_synthetic
SYN_0305,3.7794300115672876,4.335228750229145,6.106828652401357,7.698381333680016,4.773091100920299,0,monte_carlo_synthetic
SYN_0306,3.5197423891780706,3.456604546732893,6.536220199741213,7.768955321207051,5.3429895352764145,1,monte_carlo_synthetic
SYN_0307,3.3892753332734253,3.257287717172432,6.376059839893565,7.683166564450288,5.938662514828758,1,monte_carlo_synthetic
SYN_0308,3.6059251239706254,3.2852226758494916,6.792897671868037,7.8672584723813666,5.567515292614829,1,monte_carlo_synthetic
SYN_0309,3.440338276172615,3.2703587148228555,6.5428023721203825,8.20659888799008,5.287607398331205,1,monte_carlo_synthetic
SYN_0310,3.528066114760416,3.468041200759215,6.632632721229715,8.05422985847776,5.295642191180145,1,monte_carlo_synthetic
SYN_0311,3.390928508482553,3.3589341487532574,6.729414295223633,7.731996201762028,5.970068995869131,1,monte_carlo_synthetic
SYN_0312,3.606479122806114,3.2718086243355615,6.742425647068537,7.986467768607428,5.078747250614057,1,monte_carlo_synthetic
SYN_0313,3.3131009321581657,3.3382709534173456,6.383386224822314,7.859075852802292,5.45025885985234,1,monte_carlo_synthetic
SYN_0314,3.523677665904413,3.484105520511624,6.183684576008445,8.03573486014617,5.455373957433565,1,monte_carlo_synthetic
SYN_0315,3.2756988440911337,3.4855997895243744,6.798373096573989,7.773894943426605,5.622404271790479,1,monte_carlo_synthetic
SYN_0316,3.191305191306126,3.231411378509129,6.685658630831776,7.671241362866014,5.56780612498118,1,monte_carlo_synthetic
SYN_0317,3.446812332694419,3.222708157000337,6.76986689879666,7.665225610224238,6.051194661162298,1,monte_carlo_synthetic
SYN_0318,3.671122577248062,3.3454743951845516,6.837338022306637,7.838704367191798,5.1014490837118025,1,monte_carlo_synthetic
SYN_0319,3.658872217723159,3.985875730691034,5.800151281820408,7.103864490328804,5.01298449178049,0,monte_carlo_synthetic
SYN_0320,3.1452989438316776,3.6036115021804402,6.609435024775631,7.9978254590301,5.582745216292606,1,monte_carlo_synthetic
SYN_0321,3.3408778024754713,3.3739896282847606,6.295186413774294,7.766060331316352,5.158458543469369,1,monte_carlo_synthetic
SYN_0322,3.5771940216350444,3.446587859513195,6.596538797788917,7.983513024587073,5.685008398653479,1,monte_carlo_synthetic
SYN_0323,3.853157417530497,3.563122923151738,6.821892196583852,8.10002904569039,5.716246609015298,1,monte_carlo_synthetic
SYN_0324,2.8601528855875844,3.2373591821964203,6.230014166234876,7.625517171551632,5.392796914009751,1,monte_carlo_synthetic
SYN_0325,3.237141084501333,3.4245647949746103,6.636970086801895,7.69848215445667,5.522368710989698,1,monte_carlo_synthetic
SYN_0326,3.5215631606395967,3.390329128071807,6.380656934678699,7.808160916699576,5.387009932708458,1,monte_carlo_synthetic
SYN_0327,3.7071361189584984,3.5808824798467,6.3429050553012205,8.079464263021222,5.066466933058609,0,monte_carlo_synthetic
SYN_0328,3.5395373693522707,3.045793037743985,6.752598652177342,8.037430036113149,5.681100136039158,1,monte_carlo_synthetic
SYN_0329,3.2253760497425907,3.3138529582957377,6.42474661487574,7.759034305783539,5.523479995294666,1,monte_carlo_synthetic
SYN_0330,3.5679476321137464,3.514834961414778,6.326175053413178,8.159803345357135,5.268561928407432,1,monte_carlo_synthetic
SYN_0331,3.596810902621087,3.37065077708339,6.729631873820318,7.858324788452842,6.047844704778514,1,monte_carlo_synthetic
SYN_0332,3.5575813814111954,4.125239176785036,6.374804573538772,7.613625962959407,5.075419908891978,0,monte_carlo_synthetic
SYN_0333,3.393935608691042,3.446675080163844,6.775174686923206,7.956099710502567,5.637079022725361,1,monte_carlo_synthetic
SYN_0334,3.2830685844704237,3.2096626507159574,6.668714807981719,7.691659672446621,5.0005909690600046,1,monte_carlo_synthetic
SYN_0335,3.406548046652419,3.3426741990558235,6.51086942938792,7.912444088123268,5.204849853004718,1,monte_carlo_synthetic
SYN_0336,3.4381270428416424,3.2987393240831704,6.994419594240048,7.97312762661093,5.310051018905605,1,monte_carlo_synthetic
SYN_0337,3.099925754449492,3.3672419018154183,6.339243655024846,8.02354766563011,5.503313103726506,1,monte_carlo_synthetic
SYN_0338,3.646217979275465,3.5091654206984257,6.369322799421964,7.868095257070435,5.301194159871331,1,monte_carlo_synthetic
SYN_0339,2.962095392347179,3.3627404408873667,6.259519374812993,7.711464799373424,5.5520403435100425,1,monte_carlo_synthetic
SYN_0340,3.197471716264975,3.196554361656073,6.968564532964535,7.816465562283179,5.206246488352864,1,monte_carlo_synthetic
SYN_0341,3.3157567162246724,3.3480138262327985,6.802612854345688,7.931295819211386,5.996922875960052,1,monte_carlo_synthetic
SYN_0342,3.374404215280062,3.451431092742378,6.8048577923803375,7.936469384121887,6.001182913225096,1,monte_carlo_synthetic
SYN_0343,3.656584448555962,3.97032436026513,5.612309729775699,7.391879292972237,4.658738614979921,0,monte_carlo_synthetic
SYN_0344,3.476006634016168,3.4171706295252564,6.398233631971204,7.857493963172633,5.790149556814809,1,monte_carlo_synthetic
SYN_0345,3.242114823239029,3.4270755318771213,6.300737701266449,7.993993004329377,5.3425283749682,1,monte_carlo_synthetic
SYN_0346,3.3338090915695515,4.103924902510871,5.896564627656739,7.575793219542339,4.575458779782141,0,monte_carlo_synthetic
SYN_0347,3.398345228581218,3.3581309422609573,6.560999014394289,7.866146183573219,5.303919380504522,1,monte_carlo_synthetic
SYN_0348,3.55952301283682,3.2653584889404543,6.666851295128013,8.028633124312657,5.501671251910301,1,monte_carlo_synthetic
SYN_0349,3.493958324451709,3.505452939826543,6.891887209679759,8.377444595622777,5.749572723024819,1,monte_carlo_synthetic
SYN_0350,3.5034418321011205,3.5448394970485855,6.492650393101253,7.653029066039368,5.321635069863374,1,monte_carlo_synthetic
SYN_0351,3.5608175929038257,3.3605356572640077,6.532635466907453,7.848467717533583,5.789034508864286,1,monte_carlo_synthetic
SYN_0352,3.3621062000525725,3.36366969000568,6.718723558761468,7.722762999581076,5.306146737406371,1,monte_carlo_synthetic
SYN_0353,3.3592066131382357,3.336897662021255,6.289532066371953,7.572648353987302,5.535447062543585,1,monte_carlo_synthetic
SYN_0354,3.6240194106638937,3.2103982395940673,6.066712447847546,7.722805177980073,5.22249810953815,1,monte_carlo_synthetic
SYN_0355,3.3106628567050405,3.262095062971492,6.166927252740822,7.706614114889038,5.223716896098602,1,monte_carlo_synthetic
SYN_0356,3.807525302805956,3.813234685763255,5.769353185170961,7.255235690811994,5.091361943127084,0,monte_carlo_synthetic
SYN_0357,3.3470561796292686,3.3123401910898136,6.702506555977504,7.630243104558577,5.551727361055932,1,monte_carlo_synthetic
SYN_0358,3.7258819448585907,3.2716502700113965,6.809614974474034,7.71523906697241,5.0498624971459884,1,monte_carlo_synthetic
SYN_0359,3.3733454845505446,3.299817138026412,7.180556731329575,7.760518404442679,5.559646129946302,1,monte_carlo_synthetic
SYN_0360,3.3370522223932686,3.382963771781861,6.270883845138787,7.948703656635507,5.1188949869228955,1,monte_carlo_synthetic
SYN_0361,3.1362121359303607,3.3888474338091235,6.786470647826542,7.848270664944194,5.942028945604777,1,monte_carlo_synthetic
SYN_0362,3.289619346157297,3.476150208794008,7.013392335482834,8.177638461617594,6.204966644491524,1,monte_carlo_synthetic
SYN_0363,3.5560878934937956,3.2392104837132845,6.648068313819135,7.748521919375253,5.133082745953419,1,monte_carlo_synthetic
SYN_0364,3.7907810974337988,4.253592365663915,6.104969430315675,7.538955964071868,4.6530628822209605,0,monte_carlo_synthetic
SYN_0365,3.14697104739396,3.387552815313463,6.12009025758722,8.234368803286294,5.414786260873542,1,monte_carlo_synthetic
SYN_0366,3.4847297706885993,3.267219630447746,6.6828019020689915,7.532422915426309,5.574355661201342,1,monte_carlo_synthetic
SYN_0367,3.2794133093742968,3.4317309038132104,6.207682884321394,7.581862865183396,5.4859016336736826,1,monte_carlo_synthetic
SYN_0368,3.2293218498261225,3.3788237769774376,5.158209770032909,7.726765730690067,4.733339576208676,1,monte_carlo_synthetic
SYN_0369,3.4430375794787484,3.441012022118591,6.169075025333947,7.487087023306069,5.298137426052594,1,monte_carlo_synthetic
SYN_0370,3.327833675537253,3.3062271344787724,6.618579976983257,7.591736174224667,5.451026338601012,1,monte_carlo_synthetic
SYN_0371,3.719747058919661,3.148457564084809,5.501959333108504,7.245923543758545,4.925527050950875,0,monte_carlo_synthetic
SYN_0372,3.9492153649465296,2.8214775584579517,6.530677232068288,7.398821432843195,5.182123907731827,0,monte_carlo_synthetic
SYN_0373,3.1676525323043996,3.405186147981182,6.886507273624699,8.085391037808181,6.088694775404395,1,monte_carlo_synthetic
SYN_0374,3.5031582988471426,3.4580407560757402,6.302785867235286,7.787192524768447,5.411101488694595,1,monte_carlo_synthetic
SYN_0375,3.8475891664117934,4.2222874236973515,6.3284238338420975,7.464577300574278,5.190546654693924,0,monte_carlo_synthetic
SYN_0376,3.2612633437479146,3.248351988998915,6.4665793052815745,7.846889009700819,6.147888038416495,1,monte_carlo_synthetic
SYN_0377,3.290559724920239,3.256465054382746,6.179922149173181,7.68187404760329,5.3861072653884605,1,monte_carlo_synthetic
SYN_0378,3.3467206935350524,3.412773444969596,6.31980658979843,7.848511476835184,5.243004778627098,1,monte_carlo_synthetic
SYN_0379,3.61959627368729,3.534373408972854,6.587616188027842,8.090728557743278,5.438061965515896,1,monte_carlo_synthetic
SYN_0380,4.183766235882081,3.6443120023788587,6.076006812542778,7.624841538038917,4.757457183102721,0,monte_carlo_synthetic
SYN_0381,3.2111438047163294,3.133229002329314,6.579878576765751,7.460743658617596,5.686734883126799,1,monte_carlo_synthetic
SYN_0382,3.7281185233450556,3.3204679708725964,6.212546890963937,7.561439847813863,5.1458803759351435,1,monte_carlo_synthetic
SYN_0383,3.0644168689505005,3.3826582587546485,6.326513740172322,7.626019630227382,5.3125357984600745,1,monte_carlo_synthetic
SYN_0384,4.704178105722353,3.907488705950752,6.8760489793671224,7.339052881883148,5.668843442213332,0,monte_carlo_synthetic
SYN_0385,3.692758239925107,3.581065298432748,6.279557142157791,7.646962159610751,5.485143956151865,0,monte_carlo_synthetic
SYN_0386,3.623874298280059,4.397283655528598,6.315512238512973,7.767123852165792,5.4954964456303195,0,monte_carlo_synthetic
SYN_0387,4.160730160866939,3.3831141234953135,6.494901085921969,8.0129545372267,5.748584999153202,0,monte_carlo_synthetic
SYN_0388,3.8582388661314986,3.161809330358874,6.5683431327572555,7.6457073873116626,5.618408840887559,1,monte_carlo_synthetic
SYN_0389,3.391885785694886,3.2871463125555276,6.500666078668013,7.678161703597773,5.667700142153665,1,monte_carlo_synthetic
SYN_0390,3.346647659555016,3.335385083593923,6.393411658263061,7.437312631586326,5.733971557333926,1,monte_carlo_synthetic
SYN_0391,3.4526720655341423,3.37548779975641,6.966679662438244,7.753883684631097,6.010487436813635,1,monte_carlo_synthetic
SYN_0392,3.5368940492725716,3.244758655778624,6.92646391009022,8.084316167716338,5.69701401525336,1,monte_carlo_synthetic
SYN_0393,3.696818056276348,3.2953618623512306,7.000192869109284,7.934151996205631,5.898544190607902,1,monte_carlo_synthetic
SYN_0394,3.563241550651901,4.184585658624232,6.3536453592741555,7.728608232011462,4.918111479571834,0,monte_carlo_synthetic
SYN_0395,3.0692155231198437,3.4567958416625983,6.178141925144261,7.766088976905322,5.122111740531486,1,monte_carlo_synthetic
SYN_0396,3.4503587063513868,3.4382489339423348,6.502047898795917,7.648755836830749,5.023144310500661,1,monte_carlo_synthetic
SYN_0397,3.5222367296921977,3.373004512703208,6.638751777659946,7.644471218119904,5.59336497827471,1,monte_carlo_synthetic
SYN_0398,3.3335910082817275,3.2807837787888956,6.748967086577854,7.727159429710409,4.770408814827382,1,monte_carlo_synthetic
SYN_0399,3.541793860688423,3.2771018455437293,6.810341252288483,7.772712943212034,6.221338855794105,1,monte_carlo_synthetic
SYN_0400,3.6330758939688192,3.394540000403568,6.5257439194182,8.278471983097777,5.599067068448957,1,monte_carlo_synthetic
SYN_0401,3.512968764898547,3.496336732602426,6.383345279889309,7.703282825736388,5.20680496749585,1,monte_carlo_synthetic
SYN_0402,3.6158206174548133,3.442211861224267,6.085228770069139,7.830893683600585,5.739978931065892,1,monte_carlo_synthetic
SYN_0403,4.593738200751693,3.1995796973201096,6.845726488956805,7.681734315577114,5.192904297876176,0,monte_carlo_synthetic
SYN_0404,2.8819863305530817,3.2116018171047664,6.220659860602232,7.3578247137617305,5.438412433103236,1,monte_carlo_synthetic
SYN_0405,3.376467202459463,3.345334099630295,6.09466033749752,7.857285044519316,5.432480436341112,1,monte_carlo_synthetic
SYN_0406,4.054044870276947,3.884187761756965,6.711788577512885,7.8126520194770555,5.429579415635824,0,monte_carlo_synthetic
SYN_0407,3.476612084657278,3.297343458960946,6.714132066724795,7.77267931078343,5.388798227885773,1,monte_carlo_synthetic
SYN_0408,2.8650717087482116,3.46744330060538,6.409514414288079,7.84528748825253,5.82055859449372,1,monte_carlo_synthetic
SYN_0409,2.95028394248446,3.445958845050556,6.748861836651935,7.926011512974012,5.5374217072697505,1,monte_carlo_synthetic
SYN_0410,3.0796531641729477,3.401973434705797,6.683737705844614,7.9435720995770644,5.130372374752158,1,monte_carlo_synthetic
SYN_0411,3.1595383591297925,3.30302127490651,7.1270778596284,7.866406400364839,5.247284805377177,1,monte_carlo_synthetic
SYN_0412,3.2719722072713595,3.4025627004216346,5.693285406370558,8.051594373738803,5.6499912979270945,1,monte_carlo_synthetic
SYN_0413,3.352837998833757,3.397731140012789,6.315359190522045,7.516437591828113,5.576074927800627,1,monte_carlo_synthetic
SYN_0414,3.2111551939875493,3.279192821968901,6.914298789714776,7.898343322006571,5.854096759401128,1,monte_carlo_synthetic
SYN_0415,3.6716272960275864,3.4806784483339435,6.742827665283668,8.084370140245486,5.1887286148205165,1,monte_carlo_synthetic
SYN_0416,3.5402563094067427,3.2660323838580094,6.590260094734735,7.8803063865757315,5.2778989488476595,1,monte_carlo_synthetic
SYN_0417,3.508980470106639,2.9574624675959273,5.02858747752667,7.010534895677226,4.2004584936486005,0,monte_carlo_synthetic
SYN_0418,4.275501351990607,4.477876967050585,5.880269643635874,7.213613035143248,4.988021189248197,0,monte_carlo_synthetic
SYN_0419,3.274842457692417,3.4316459958356047,6.41462612122705,7.638065859762551,5.469492908068198,1,monte_carlo_synthetic
SYN_0420,3.8944493193668075,4.025674430242944,6.156050612257281,7.409636651030177,5.078773804923707,0,monte_carlo_synthetic
SYN_0421,3.2600267860466468,3.353847026987438,6.771739787005767,7.7793130575231135,6.019920266659359,1,monte_carlo_synthetic
SYN_0422,3.5722473874887424,3.3235670522342073,6.65217556790278,7.736278635643077,5.573479384634554,1,monte_carlo_synthetic
SYN_0423,3.4452776748889407,3.327344354356514,6.754133467839223,7.6216385621595295,5.391999265245086,1,monte_carlo_synthetic
SYN_0424,3.1476473096947455,3.282483603199413,6.765515092249726,7.822616085769578,5.333463594351038,1,monte_carlo_synthetic
SYN_0425,3.349480189376593,3.4436848187986255,6.281425999476385,7.815750380273034,5.8407137204216735,1,monte_carlo_synthetic
SYN_0426,3.765704868857391,3.6165079139986074,6.332525806800562,7.629833049637322,5.11871416905293,0,monte_carlo_synthetic
SYN_0427,3.337192074886376,3.3310706792590583,6.633522270575967,8.011373106451822,5.286472956637254,1,monte_carlo_synthetic
SYN_0428,3.1396277884445065,3.374838238705974,6.735890130910428,7.915317950826236,5.421458841091234,1,monte_carlo_synthetic
SYN_0429,3.0478863386766926,3.013492769905235,5.384501343044097,7.221576814055912,4.875652669658789,0,monte_carlo_synthetic
SYN_0430,4.366847874971593,4.268043744136422,6.2853402877143365,7.331384369307829,5.343197922327387,0,monte_carlo_synthetic
SYN_0431,3.487127437103861,3.2633889571328094,6.750009379614198,7.65274383594694,5.286866088254449,1,monte_carlo_synthetic
SYN_0432,3.8043610583658283,3.633761351738411,6.774723350678398,7.824931613325774,5.096624965820592,0,monte_carlo_synthetic
SYN_0433,3.351292452801013,3.4192692313952016,6.303392138854414,7.717811625172468,4.8287043122789175,1,monte_carlo_synthetic
SYN_0434,3.195977559204506,3.170540999468251,5.875987872656859,7.486276834167585,4.57948781553294,1,monte_carlo_synthetic
SYN_0435,3.203447799487862,3.207159622406688,6.1193757689515165,7.865532586551188,5.215292376989266,1,monte_carlo_synthetic
SYN_0436,3.7347091999873494,3.3944273502773696,6.927328376355759,7.87017774243992,5.5376355186650885,1,monte_carlo_synthetic
SYN_0437,3.5046250658542792,3.563564782591662,6.076547072632685,7.607654501669979,5.50001941075086,1,monte_carlo_synthetic
SYN_0438,3.4674155792472146,3.423228898124316,6.904868179577931,7.974323954660719,5.827797224251333,1,monte_carlo_synthetic
SYN_0439,3.335152433796645,3.1519603182151137,5.043483893326878,6.935481516650914,4.205046813593682,0,monte_carlo_synthetic
SYN_0440,3.9763260430528873,3.70357754818239,5.643498709553959,7.241059467614647,4.91903907790434,0,monte_carlo_synthetic
SYN_0441,3.408912645362161,3.792278298131078,4.9921347659972986,6.879198681376233,3.974850359797338,0,monte_carlo_synthetic
SYN_0442,3.3202226431900357,3.481382548982196,6.281873814988697,7.739494252204871,5.521374552558437,1,monte_carlo_synthetic
SYN_0443,3.6567981956045497,3.373114983655133,6.505595501391785,7.829956237145058,5.187173787120512,1,monte_carlo_synthetic
SYN_0444,3.47036174275905,3.499900212849338,5.980316323483346,7.640019540645878,5.311565851542221,1,monte_carlo_synthetic
SYN_0445,3.3464571653868433,3.4668489215637632,6.507074831692407,7.65473191484098,5.576983139890403,1,monte_carlo_synthetic
SYN_0446,4.006331298736708,3.3446883124377984,6.733508248913008,7.888394476794429,5.371198769914321,1,monte_carlo_synthetic
SYN_0447,3.455253202833863,3.0783115978493027,6.47350540745483,7.426101720387387,5.23427649952301,1,monte_carlo_synthetic
SYN_0448,3.1544138354715834,3.2057069603978694,6.360234905306835,7.64695664102128,5.333762552036993,1,monte_carlo_synthetic
SYN_0449,3.37456394165899,3.3367864325712486,6.441450500754812,7.8336949049332985,5.261195865705103,1,monte_carlo_synthetic
SYN_0450,3.2797059007626994,3.2807408173542263,6.742623600008893,7.978750751056882,5.869556772529708,1,monte_carlo_synthetic
SYN_0451,3.419700825648294,3.347963460767163,6.40683601004302,7.773590853138722,5.556133257267498,1,monte_carlo_synthetic
SYN_0452,3.507040873197211,3.474955379165918,6.881308553200321,8.073078472058958,5.693438129797005,1,monte_carlo_synthetic
SYN_0453,3.1887658914362746,3.2888220544721234,6.118706584245529,7.828412044236626,5.328807358181052,1,monte_carlo_synthetic
SYN_0454,3.212767905487841,3.3707382407372313,6.2512742829229095,7.7483498726257585,5.37218700517686,1,monte_carlo_synthetic
SYN_0455,3.553698450092871,3.2076685494851005,6.464408286464943,7.691786783525887,5.397764216471005,1,monte_carlo_synthetic
SYN_0456,3.3740702423473605,3.2421085628532813,6.445511136894602,7.95456257753829,4.960504059219318,1,monte_carlo_synthetic
SYN_0457,3.620550654771826,3.216336411347798,6.822378915647791,7.788550188612043,5.0390278802351,1,monte_carlo_synthetic
SYN_0458,3.2812372533657257,3.268269125731894,6.004827049884533,7.692299509613659,4.6758892966158525,1,monte_carlo_synthetic
SYN_0459,3.3173986180068464,3.3569938830617,6.29907827808834,7.514434474177674,5.706228839776459,1,monte_carlo_synthetic
SYN_0460,3.192921672487744,3.4373156204442226,6.659642302224304,7.8295922774670395,5.575769344271043,1,monte_carlo_synthetic
SYN_0461,3.653337300599423,3.248962971241242,6.952229823992894,7.922596168110321,4.974641572755564,1,monte_carlo_synthetic
SYN_0462,3.314924850164312,3.3067608951807204,6.221487473046687,7.119564662939941,5.3824857189114015,0,monte_carlo_synthetic
SYN_0463,3.444240205945058,3.428753102456268,6.661023630705417,7.815538347543129,5.5625339555184,1,monte_carlo_synthetic
SYN_0464,3.35090298828416,3.320166354053523,6.896349181011836,7.822106063014411,5.746364508047665,1,monte_carlo_synthetic
SYN_0465,3.325253878602172,3.347528520095401,7.1411552780827305,7.743600259665825,5.963239721031937,1,monte_carlo_synthetic
SYN_0466,3.2442138567203296,3.3554890736730894,6.791934402187814,7.893842404698435,6.183621769510808,1,monte_carlo_synthetic
SYN_0467,3.381106980175987,3.2154287204211607,6.497698398655249,7.649740988295705,5.463681890677044,1,monte_carlo_synthetic
SYN_0468,3.3194430519514553,3.3411068878248784,6.686966658669531,8.120097710204691,5.309689733424069,1,monte_carlo_synthetic
SYN_0469,3.9114242887362156,3.5210145036194236,6.322423399803827,7.534952006502456,5.111013583867995,0,monte_carlo_synthetic
SYN_0470,3.4560194348460054,4.02744209975964,6.936866198685702,7.933350494992358,5.110292145082543,0,monte_carlo_synthetic
SYN_0471,3.173308698367513,3.430253972924288,6.178692028844754,7.795535749349955,5.058690987180945,1,monte_carlo_synthetic
SYN_0472,4.294338844394273,4.989716491848963,5.393516580238273,7.100066935837047,4.825341486226453,0,monte_carlo_synthetic
SYN_0473,3.3067677307364503,4.052714063002834,5.930747897508725,7.260722685514222,4.910092068257569,0,monte_carlo_synthetic
SYN_0474,3.4052562450918114,3.4653772453888334,6.43992260880167,7.9205301154398695,5.7748948766812145,1,monte_carlo_synthetic
SYN_0475,2.991393612201687,3.5518202583144793,5.865606417216324,8.02170884844228,5.62944870175952,1,monte_carlo_synthetic
SYN_0476,3.352285125584968,3.409062632286683,6.578950688217572,7.946460997604103,5.885991601751248,1,monte_carlo_synthetic
SYN_0477,3.622717720610794,3.298313754532278,6.4514530124539,7.788409201290473,5.367707915564356,1,monte_carlo_synthetic
SYN_0478,3.2952431222289746,3.287096861057501,6.486362966500702,7.865535335034078,5.780837125045854,1,monte_carlo_synthetic
SYN_0479,3.5685176858583145,3.3230852190551983,6.480381458388106,7.659709389734067,5.31398810769871,1,monte_carlo_synthetic
SYN_0480,3.320290747977279,3.329088094644286,6.490021907153062,7.9957372428898985,5.298235259010261,1,monte_carlo_synthetic
SYN_0481,3.737901192834438,3.4920279819213396,6.655163063067613,7.571071183156124,5.223168329050529,1,monte_carlo_synthetic
SYN_0482,3.234540695742725,3.424597427178883,6.848286346229934,7.954072753548465,5.888451877779426,1,monte_carlo_synthetic
SYN_0483,3.4099754181223045,3.205521299884222,6.585889445022227,7.7124193792232685,5.806075869904119,1,monte_carlo_synthetic
SYN_0484,4.369371096473921,4.6143302432783155,6.86307850204061,8.400737867292328,5.9784722129491525,0,monte_carlo_synthetic
SYN_0485,4.215028541009758,4.017749114444329,5.956117083548229,7.6830158272218805,5.175555000716381,0,monte_carlo_synthetic
SYN_0486,3.3856990850551316,4.277305158822275,5.242555359334745,7.20730316705766,4.496592305932353,0,monte_carlo_synthetic
SYN_0487,3.513520847653917,3.5787499153476587,6.571763811147745,7.945021756418724,5.756265109653302,1,monte_carlo_synthetic
SYN_0488,3.6117242255487314,2.8170430263508095,5.2941114636843025,7.172620552265735,4.1367078601526135,0,monte_carlo_synthetic
SYN_0489,3.1810388154030917,3.290412603359233,6.240378018074278,7.517583522911505,5.70895973773774,1,monte_carlo_synthetic
SYN_0490,3.166764784043373,3.6695798199283622,6.565162882929816,8.021723776731214,6.063541904898009,1,monte_carlo_synthetic
SYN_0491,3.7218168706934582,3.4759806726156066,5.7303342829648125,7.353462459836286,5.221463475518096,0,monte_carlo_synthetic
SYN_0492,3.5395710344291844,3.2792696280758715,6.782966236233854,7.905748283271201,5.21123494010119,1,monte_carlo_synthetic
SYN_0493,3.4797867846959822,3.317092240978917,6.587362812791433,8.242268207360443,5.646099356249792,1,monte_carlo_synthetic
SYN_0494,3.6256712827375215,3.3698725720778198,6.855452710201792,7.932469606458956,5.907084144405444,1,monte_carlo_synthetic
SYN_0495,3.387910159654307,4.357041549755066,4.777669191824754,6.882014506784487,4.260678929343949,0,monte_carlo_synthetic
SYN_0496,3.469183907861581,3.5470082154126104,5.981658725097597,7.8979459920392205,5.19995251118418,1,monte_carlo_synthetic
SYN_0497,4.374273633385732,4.7780723704565915,6.175066118611555,7.905397911527184,5.0321179644738265,0,monte_carlo_synthetic
SYN_0498,3.9236276575994617,3.333436153939739,6.09070210934312,7.266127711454452,4.633151792530234,0,monte_carlo_synthetic
SYN_0499,3.9177472834824245,4.414117442823745,6.454149339441801,7.851728611053758,5.3995202310373696,0,monte_carlo_synthetic
SYN_0500,3.5954414478090455,3.164826978837127,7.09452356870603,7.832855219422921,5.259646015289253,1,monte_carlo_synthetic
SYN_0501,3.376732422144317,3.129077824138057,6.919198242041332,7.931669554452011,5.748149505050067,1,monte_carlo_synthetic
SYN_0502,3.4608703918216124,3.319291594141807,6.510774879284297,7.72167839083983,5.794915551755221,1,monte_carlo_synthetic
SYN_0503,4.038442263034414,3.8496103068044984,5.484093189147325,7.291007555821759,4.210038904579094,0,monte_carlo_synthetic
SYN_0504,3.7000326841896687,3.4497064366389525,6.443380442213902,7.665997110695029,4.701750171489968,1,monte_carlo_synthetic
SYN_0505,2.815355367587696,4.380256618149996,5.334911576180276,7.460847610858958,4.115524006167829,0,monte_carlo_synthetic
SYN_0506,3.2344832154397087,3.442553226317867,6.31123515589876,7.89889075112517,5.605016044320649,1,monte_carlo_synthetic
SYN_0507,3.164403382142121,3.3720922286746986,6.498408323921485,7.546763026935826,5.682956112410703,1,monte_carlo_synthetic
SYN_0508,3.654327221700629,2.8219779941738143,5.832033053136782,7.389332722681512,4.613513441384858,0,monte_carlo_synthetic
SYN_0509,3.2305340842072976,3.453510604697797,6.779947252804444,7.735447078406496,5.692666317702965,1,monte_carlo_synthetic
SYN_0510,3.4239879225930054,3.8457641250050627,5.2256038227395685,6.977719204869814,4.763763863344917,0,monte_carlo_synthetic
SYN_0511,3.5209710503838254,3.3598048937012255,6.441699701110913,7.8703630505749835,5.454429546730317,1,monte_carlo_synthetic
SYN_0512,3.2582668141181896,3.3775705051112306,6.330129188723547,7.579997385769514,5.196176407828363,1,monte_carlo_synthetic
SYN_0513,3.4156965088345137,3.3415293324808526,6.6714560062645845,7.937013977218088,5.017231305700645,1,monte_carlo_synthetic
SYN_0514,3.2412803882014307,3.214024721367747,6.761983744956262,8.07652737855783,5.709727647006946,1,monte_carlo_synthetic
SYN_0515,3.238915205035803,3.4842776719494153,6.082661317198164,7.841991006205444,4.962952870318967,1,monte_carlo_synthetic
SYN_0516,3.317547566563757,3.271005753765569,6.491714636592782,7.830710288279959,5.483680205176019,1,monte_carlo_synthetic
SYN_0517,3.3128452098932395,3.508885028073523,6.471813905110886,7.763571651505874,5.180796010813437,1,monte_carlo_synthetic
SYN_0518,3.364150492246838,3.195804778333366,6.59624108710816,7.506547743298393,5.373621800212009,1,monte_carlo_synthetic
SYN_0519,3.893579177367989,3.3487835646175292,6.713128372872706,7.203094013225304,4.998732259899405,0,monte_carlo_synthetic
SYN_0520,3.415665271396203,3.5586544683596517,6.563882040882591,7.955609041281887,5.577894890336449,1,monte_carlo_synthetic
SYN_0521,3.8852477611784635,3.1930427956385548,6.645556200980981,7.617218351861988,5.274487090580133,1,monte_carlo_synthetic
SYN_0522,3.0126567269724758,3.3626539773545305,5.931523152429835,7.325386532590965,4.933898126854877,0,monte_carlo_synthetic
SYN_0523,3.3050852886612634,3.4048636815157662,6.213502181003765,7.948343957878291,5.396786933465694,1,monte_carlo_synthetic
SYN_0524,3.538437141013789,3.2639489656623466,5.528596934581889,7.074833093165687,4.449073856351815,0,monte_carlo_synthetic
SYN_0525,3.2682675278041247,3.419965805064511,6.606419733077653,7.700552227737906,5.710854383135188,1,monte_carlo_synthetic
SYN_0526,3.420735727588014,3.426502787967791,6.740573223379118,8.080819580485983,5.345595022409693,1,monte_carlo_synthetic
SYN_0527,3.549192409774531,3.250129112706991,7.203030228545078,7.9460289790206025,5.872088864760015,1,monte_carlo_synthetic
SYN_0528,3.5554850204355395,3.264547050873635,6.75588211757608,7.570099894263347,5.236649527844189,1,monte_carlo_synthetic
SYN_0529,3.3985485473902157,2.9930937771785313,5.398045448154184,7.141858270505947,4.7578263328851165,0,monte_carlo_synthetic
SYN_0530,3.338256658757977,3.4943961884844406,5.881682038251245,7.805889971030835,5.30515475113267,1,monte_carlo_synthetic
SYN_0531,3.131563049973354,3.3327749740634633,6.575418096469499,7.688308407144839,5.686248318920324,1,monte_carlo_synthetic
SYN_0532,3.3307538149728058,3.3935835004297332,6.443382763037343,7.710516638588546,5.670141178226315,1,monte_carlo_synthetic
SYN_0533,3.6782755569447336,3.322124310708774,6.937232827425443,8.015551237322606,5.656455576622479,1,monte_carlo_synthetic
SYN_0534,3.4642481244001484,3.4114965230546965,6.554387502774325,7.9551268298454465,5.250543645735514,1,monte_carlo_synthetic
SYN_0535,3.1033024228617405,3.5525898975312797,6.438381556775475,8.165244615791272,6.198666063575408,1,monte_carlo_synthetic
SYN_0536,3.750627676853132,3.764254158999542,6.150576634423544,7.700778939032364,4.997343776348139,0,monte_carlo_synthetic
SYN_0537,3.1615223283819973,3.3762029636585167,6.3565490767211905,7.7683281931237245,5.370291186656842,1,monte_carlo_synthetic
SYN_0538,3.7194084268784784,3.449933619733708,6.399862727324573,7.974256554750484,5.431246322344942,1,monte_carlo_synthetic
SYN_0539,3.527288884614457,3.3818002236604494,6.5725743558922725,7.777958582738035,5.482224808127477,1,monte_carlo_synthetic
SYN_0540,4.103634224346168,3.232303855370991,6.310985601622722,7.58985091210678,5.529227156054094,0,monte_carlo_synthetic
SYN_0541,3.24990472329342,3.6461845207510324,6.748675430795861,7.792336524731639,6.423753407099304,1,monte_carlo_synthetic
SYN_0542,3.53128752568135,3.3404568105037873,6.855643095498598,8.10267692834575,5.83940494500184,1,monte_carlo_synthetic
SYN_0543,3.574705435397569,3.227820021919384,6.379692527584864,7.712635377499886,5.508677895467205,1,monte_carlo_synthetic
SYN_0544,3.258076149816176,3.497910082419329,6.627453986302695,8.02974886854142,5.466521082997871,1,monte_carlo_synthetic
SYN_0545,3.4367738834151793,3.282513475504554,6.40280492102958,7.605648606814278,4.76618373284235,1,monte_carlo_synthetic
SYN_0546,3.2476372862187577,3.25563711700212,6.365754102120524,7.3087289333074805,5.264745336738614,1,monte_carlo_synthetic
SYN_0547,3.163159576865026,3.4296923637306205,6.45096864654115,8.270515464108218,5.363767522641505,1,monte_carlo_synthetic
SYN_0548,3.4936430006489734,3.424565806164856,6.129026563735944,7.777615355673498,5.153399077076106,1,monte_carlo_synthetic
SYN_0549,3.4948720844783088,3.2527486853064813,6.52821682423636,7.607522751641485,5.73663852189635,1,monte_carlo_synthetic
SYN_0550,3.5191231778587713,3.3822961033333776,6.405922027158097,7.954689597555907,5.493234457693424,1,monte_carlo_synthetic
SYN_0551,3.3531430037007146,3.3630517975626892,6.189015790740254,7.841182160278006,5.272326918550263,1,monte_carlo_synthetic
SYN_0552,3.3218601045668823,3.4328118774840806,5.9748133987429695,7.443950410648456,4.69649754140618,1,monte_carlo_synthetic
SYN_0553,3.400246287356976,3.2205050903139227,6.689649229038936,7.702439590401818,5.776577170589794,1,monte_carlo_synthetic
SYN_0554,4.183533551330683,3.803546667356254,6.250771938091243,7.377412350106179,5.074133356890085,0,monte_carlo_synthetic
SYN_0555,3.6422414064161415,3.2760039303342285,6.857535657237209,7.86329819919627,5.3269165110471715,1,monte_carlo_synthetic
SYN_0556,3.3103047181243266,3.286506952419368,6.66192424925756,7.595352298108296,4.9547497486621355,1,monte_carlo_synthetic
SYN_0557,3.549786792620948,3.4493918614824564,6.630951232541333,8.009252022942956,5.468437808325687,1,monte_carlo_synthetic
SYN_0558,3.604904920279372,3.309864205130159,6.55976926858263,7.727169992304216,5.142530644402552,1,monte_carlo_synthetic
SYN_0559,3.4168531584320814,3.202845298442896,6.113959105384667,7.8498430702056545,5.297155282723402,1,monte_carlo_synthetic
SYN_0560,3.49576219803473,3.338475920089963,6.981135900900314,7.907234286417087,5.998162694898302,1,monte_carlo_synthetic
SYN_0561,3.7722387605901826,3.7649573869935273,6.3182632847233045,7.515964379597549,5.178397764057104,0,monte_carlo_synthetic
SYN_0562,2.913003695454745,3.2143464273691884,6.08613183089581,7.654097624670084,5.027258091990858,1,monte_carlo_synthetic
SYN_0563,3.3473224497680794,3.2380522551829087,6.863465510314619,7.834619366189115,5.9429099180401,1,monte_carlo_synthetic
SYN_0564,3.785351186687302,3.417202919021394,6.687333469929867,7.971701818718919,5.422113296384916,1,monte_carlo_synthetic
SYN_0565,3.4232372271812905,3.1769434559194263,5.888723847782571,7.48653852851857,4.597934386491113,1,monte_carlo_synthetic
SYN_0566,3.5487108991650613,3.482398465532884,6.643912738475577,7.849552721979594,5.750294466854728,1,monte_carlo_synthetic
SYN_0567,3.5798185124749717,3.290380113157186,6.306706431066756,7.5621669644583696,4.887254494459896,1,monte_carlo_synthetic
SYN_0568,3.9889692190135424,3.6103754730529785,5.5236970467635045,7.450859647022996,5.052573044529646,0,monte_carlo_synthetic
SYN_0569,3.4842474832827954,3.3684862685659662,6.833165001293313,8.1598971926998,5.57865370913665,1,monte_carlo_synthetic
SYN_0570,3.2703975622186245,3.1981832964167336,6.4358284619141,7.622637962867747,5.095418086090085,1,monte_carlo_synthetic
SYN_0571,4.169307923763407,4.191508692196386,5.541660260630317,7.393010414814343,4.770606942271897,0,monte_carlo_synthetic
SYN_0572,4.212048867216871,3.7021459359010356,6.577088535772762,8.156393559011935,5.697833086986005,0,monte_carlo_synthetic
SYN_0573,3.180309163714005,3.3229626871603486,6.747972477519115,7.866895817460661,5.528278312400535,1,monte_carlo_synthetic
SYN_0574,3.356647375958268,3.3431305708714896,6.767867586169374,7.942750503160233,5.565141605742,1,monte_carlo_synthetic
SYN_0575,4.0885200342106565,4.246119150298522,6.560714506760177,7.632892789157544,5.547091202404401,0,monte_carlo_synthetic
SYN_0576,3.551022514120781,3.6375683009855413,6.421946698529212,7.590906079639359,4.775457416940174,0,monte_carlo_synthetic
SYN_0577,3.6672218340384086,3.496795142198118,6.848564895605568,8.211569708405241,5.338879285774414,1,monte_carlo_synthetic
SYN_0578,3.347130651458222,3.4817365917823353,6.398739190237458,7.711723856214599,5.251931187526107,1,monte_carlo_synthetic
SYN_0579,3.3754923489438453,3.288674611988848,6.056839228285989,7.675397688140907,5.204895390064094,1,monte_carlo_synthetic
SYN_0580,3.9251034676979657,3.8310242482073256,5.485717435598971,7.0131898390340375,4.325921799644174,0,monte_carlo_synthetic
SYN_0581,4.277188047231486,3.8019622055376545,5.291142783083758,7.16539245801026,5.098836382387184,0,monte_carlo_synthetic
SYN_0582,3.2095655075671896,3.3928715322704197,7.377407050270451,8.127319181689986,6.015297649462574,1,monte_carlo_synthetic
SYN_0583,3.453286107979014,4.3174414801025645,6.70080288181812,7.931440616067707,5.248150083939319,0,monte_carlo_synthetic
SYN_0584,3.2362930570357187,3.4506072356191826,6.20250867845723,7.834523714066308,5.708213708383748,1,monte_carlo_synthetic
SYN_0585,3.3645789516940328,3.3744232466697315,6.151497132528969,7.691713655150205,5.25343897601677,1,monte_carlo_synthetic
SYN_0586,3.4776157189108443,3.8211437546851856,5.514667947042889,7.265265217435711,4.874147091452033,0,monte_carlo_synthetic
SYN_0587,3.4046331108673047,3.2568416938796543,6.735922369274814,7.66069618360934,5.273157982122049,1,monte_carlo_synthetic
SYN_0588,3.1588237309026383,3.4117888012326767,5.959699107723408,7.784250527716497,5.417919043374963,1,monte_carlo_synthetic
SYN_0589,3.492438233151732,3.352448027038579,7.404063455785141,7.846555573767553,5.67977518310443,1,monte_carlo_synthetic
SYN_0590,3.478553662203143,3.5839685006553856,6.477097554005316,8.152400882046013,6.198881291366407,1,monte_carlo_synthetic
SYN_0591,3.3945139687587527,3.471714872339679,6.460738603654359,7.9089929311981955,6.101198799829725,1,monte_carlo_synthetic
SYN_0592,3.703767415590643,3.420363971924551,6.689694466306388,7.94189926299672,5.161912273388863,1,monte_carlo_synthetic
SYN_0593,4.1746261696142115,3.8910159888266467,6.6058859905944,7.909449197049779,5.207683193681465,0,monte_carlo_synthetic
SYN_0594,3.432495959266711,4.409228897845356,6.231989496290137,7.484812653563693,5.392440491382344,0,monte_carlo_synthetic
SYN_0595,3.484795501040426,4.131323072864334,6.215178680198182,7.865791886724524,5.324003193233256,0,monte_carlo_synthetic
SYN_0596,3.7956318839450147,3.5116541072351515,6.065037338383781,7.721407441308402,5.241084505894939,0,monte_carlo_synthetic
SYN_0597,3.5975930515374523,3.3775786843232614,6.366174406587752,7.596315057939292,5.967575754594138,1,monte_carlo_synthetic
SYN_0598,3.29979515229327,3.414311517513877,6.773366115710773,7.953976221882247,5.367559248444983,1,monte_carlo_synthetic
SYN_0599,4.1131225470680395,2.8252002894539667,6.11467530411119,7.492316491040205,4.404752931782745,0,monte_carlo_synthetic
SYN_0600,3.0515483154933416,3.146912849749529,6.343016504590742,7.4649801609210895,5.138043597131265,1,monte_carlo_synthetic
SYN_0601,3.2164990021201123,3.382470934653394,6.89605850391453,7.744885549160224,5.2458574221232865,1,monte_carlo_synthetic
SYN_0602,3.522169498570576,3.3616529188342485,6.494801562161248,7.710556473945379,5.0578207093109055,1,monte_carlo_synthetic
SYN_0603,3.6307467577018504,3.230083882626761,6.335055943353146,7.531794403902311,4.963738368966159,1,monte_carlo_synthetic
SYN_0604,3.399063922559872,3.4174209862740845,6.280659318910343,7.682851821493983,4.976486850341151,1,monte_carlo_synthetic
SYN_0605,3.3889008941881618,3.2622460247468243,6.210999342675511,7.774602474558447,5.558941041666559,1,monte_carlo_synthetic
SYN_0606,3.747218939811235,3.331892906112994,6.909627456169602,7.769938832066539,6.124971897948242,1,monte_carlo_synthetic
SYN_0607,3.6149658063752024,3.4384608528159357,6.38228706338789,7.694862397024693,5.834811781371402,1,monte_carlo_synthetic
SYN_0608,3.5817201397691476,3.2562191397301388,6.511533581777956,7.622735404208203,5.739356082101661,1,monte_carlo_synthetic
SYN_0609,4.727548194474113,4.4407130358814975,6.053063290503058,7.677095354892401,5.574129826352883,0,monte_carlo_synthetic
SYN_0610,3.3393490119394333,3.434247181063667,6.670485274777772,7.756049320353702,5.741966754162148,1,monte_carlo_synthetic
SYN_0611,3.1982416941317804,3.3460277756193415,5.8955033269307595,7.497818059757219,5.071850148831446,1,monte_carlo_synthetic
SYN_0612,3.3296075102841,3.403503562074087,6.477972528259269,7.580856585949605,5.398158826335408,1,monte_carlo_synthetic
SYN_0613,3.200032344399847,3.4291582500534563,6.7685238587346435,7.8332416916309136,5.836403374869896,1,monte_carlo_synthetic
SYN_0614,3.444108447924214,3.2575821912221454,6.372303316662731,7.867409465809844,5.387855964366061,1,monte_carlo_synthetic
SYN_0615,3.321646823970654,3.1904585742037104,6.776398519003631,7.7617363150223895,6.131590161233376,1,monte_carlo_synthetic
SYN_0616,3.6427356517916647,3.548644835102628,7.174937220501721,8.152426605745601,5.18731041279954,1,monte_carlo_synthetic
SYN_0617,3.3612760077899893,3.416795200971364,6.836505964258259,7.7277090335139205,5.757395263407464,1,monte_carlo_synthetic
SYN_0618,3.400359579810536,3.728012822077867,6.542788841510384,8.025542346122121,5.34938104021547,1,monte_carlo_synthetic
SYN_0619,3.269532617557615,3.3789597426091826,6.38408630980874,7.7380890303843675,5.023716681485437,1,monte_carlo_synthetic
SYN_0620,3.4059141995515776,3.2682916179761663,6.452071865304726,7.841107628093526,5.636192191951685,1,monte_carlo_synthetic
SYN_0621,3.7498000875995565,2.825853308146588,5.854793184033113,7.454473810692793,4.902526394530797,0,monte_carlo_synthetic
SYN_0622,3.5190396032621587,3.34950706920955,6.646531301649961,7.854086945201684,5.1141709609881305,1,monte_carlo_synthetic
SYN_0623,3.3098215568817504,3.2154771962615065,6.6510495063895,7.4566468068228975,5.5519506203044315,1,monte_carlo_synthetic
SYN_0624,3.3928809280669645,3.4044713652629053,6.633466005623399,7.950378595496782,5.534940260999638,1,monte_carlo_synthetic
SYN_0625,3.188685348048039,3.25275317398859,6.537702341984743,7.8041600517131995,4.831875081403539,1,monte_carlo_synthetic
SYN_0626,3.489548907200276,3.392520622632323,6.7685529716619826,8.068251794587855,5.378628905840609,1,monte_carlo_synthetic
SYN_0627,2.9932292472246447,3.195771590774937,6.202221574194438,7.547896869541456,5.117789166129971,1,monte_carlo_synthetic
SYN_0628,3.482621742160793,3.4095733017977476,7.042489551699341,7.807801688204317,5.881335656277569,1,monte_carlo_synthetic
SYN_0629,3.2886349256394385,3.5118277166612892,6.426468116390572,7.767549662975012,5.425874937199992,1,monte_carlo_synthetic
SYN_0630,3.1123808461653537,3.521802181491038,6.353177449208206,7.862961345693796,5.769833621659954,1,monte_carlo_synthetic
SYN_0631,3.5232881978534105,3.358177226029968,6.834546826020188,7.683353154880543,5.228708924435608,1,monte_carlo_synthetic
SYN_0632,3.70269578201282,3.240642579237991,6.343247911506403,7.793248973488898,5.402315406028102,1,monte_carlo_synthetic
SYN_0633,3.446387941403161,3.3312985555601964,6.120262624452669,7.911392706895869,5.268109912572053,1,monte_carlo_synthetic
SYN_0634,3.3580864777894694,3.381352365594422,6.861297488243539,7.799656037085083,5.291097739886554,1,monte_carlo_synthetic
SYN_0635,3.0123164920393073,3.4833722466051955,5.687790864603633,7.819342707778223,5.068387326775412,1,monte_carlo_synthetic
SYN_0636,3.3719141090761817,3.497892174843395,6.365758472161231,7.625385215512033,5.2552835660028645,1,monte_carlo_synthetic
SYN_0637,3.9558669185446766,4.156114778642055,6.434721966896074,7.571051893479478,5.5063529289742945,0,monte_carlo_synthetic
SYN_0638,3.295860051796236,3.47887661358489,6.7588048093480095,7.937229797393081,5.9112298209839125,1,monte_carlo_synthetic
SYN_0639,3.157081604174085,3.301349446572511,6.68600238370526,7.928545560733065,5.753611153649544,1,monte_carlo_synthetic
SYN_0640,3.6643541457538924,3.472430687265188,6.568043556917474,7.98605088205853,5.1885851761082264,1,monte_carlo_synthetic
SYN_0641,3.3238236371672363,3.281165416983684,6.237840135757277,7.740351547836293,6.081851790187131,1,monte_carlo_synthetic
SYN_0642,3.5678345559512827,3.2722890201537367,6.60308589800974,7.531021832583697,5.328963231147025,1,monte_carlo_synthetic
SYN_0643,3.2569532453713155,3.2127523645922147,6.311501790093677,7.807332681745175,6.177202319255205,1,monte_carlo_synthetic
SYN_0644,3.270319368024871,3.4593967052400805,7.156019459023797,7.976219188848822,5.833899907557895,1,monte_carlo_synthetic
SYN_0645,3.602527221102446,3.282042246341879,7.084776438866879,7.880183558321738,5.378476583129407,1,monte_carlo_synthetic
SYN_0646,3.759584932722573,4.146402615667317,6.044712856291094,7.253104264185632,4.815918277897553,0,monte_carlo_synthetic
SYN_0647,3.7741967901114863,3.2461316552647927,6.27799557167416,7.735694966796725,4.691564748491318,1,monte_carlo_synthetic
SYN_0648,3.5644383611470642,3.412017549178561,6.808067917547197,7.966316280946436,5.784564626245002,1,monte_carlo_synthetic
SYN_0649,3.3853226749324743,3.6601946953640705,6.452373149516114,7.926811408279284,5.423557316206333,0,monte_carlo_synthetic
SYN_0650,3.353907136614641,3.5147492002838505,6.2687421850621385,7.667667533584428,5.321364201435301,1,monte_carlo_synthetic
SYN_0651,3.4606180963928654,3.429210051839716,6.2018873932436875,8.03442816299171,5.31148352270674,1,monte_carlo_synthetic
SYN_0652,3.1167294142248037,3.3008532938568145,6.708154958751384,7.819094582650021,5.587129120607728,1,monte_carlo_synthetic
SYN_0653,3.2446520434976183,3.1158925101846116,5.570402738340714,7.174805049524405,4.593801361339094,0,monte_carlo_synthetic
SYN_0654,3.653173252362525,3.3800629717006867,6.516065116498828,7.763712277258165,5.290403641115822,1,monte_carlo_synthetic
SYN_0655,3.430738465522788,3.4038838419851536,6.472776048633755,7.749328110482966,5.255761830281037,1,monte_carlo_synthetic
SYN_0656,3.489055153269221,3.3195057388628197,6.5969533254122,7.759740301408469,5.415354759510718,1,monte_carlo_synthetic
SYN_0657,3.2671683631332313,3.4994224134457497,6.487979510095277,7.8903654684502,5.2746676936190235,1,monte_carlo_synthetic
SYN_0658,3.5450447545101804,3.300577927077716,6.707532662969452,7.808351490159488,5.7686598110799645,1,monte_carlo_synthetic
SYN_0659,3.067776015912344,2.8167913642817393,5.76458036283475,7.00043971567846,4.571184665119345,0,monte_carlo_synthetic
SYN_0660,3.590413227818052,3.270604168543559,6.529851731228173,7.813887771435047,5.7478451583662205,1,monte_carlo_synthetic
SYN_0661,3.0592694066270862,3.4830926492433116,6.155278060198401,7.813099493063715,5.5150465433550275,1,monte_carlo_synthetic
SYN_0662,3.413950723333856,3.739958494815925,6.0419088960275955,7.6944798871159605,4.466864819541553,0,monte_carlo_synthetic
SYN_0663,2.9635847974149967,3.363408996813149,5.236016142982405,7.045033529053571,4.430523266296209,0,monte_carlo_synthetic
SYN_0664,3.3771430535301845,3.4109226672547135,7.228333671471159,7.888537924439509,5.738700379978983,1,monte_carlo_synthetic
SYN_0665,3.4644730194555917,3.908044155610802,5.643825319088496,7.069134150371815,4.401288716719535,0,monte_carlo_synthetic
SYN_0666,3.7473435551668284,3.351339742565346,5.619882735639089,7.2665018901455145,4.864555327866281,0,monte_carlo_synthetic
SYN_0667,4.085864115996158,3.54319528849895,6.717119673150396,7.778962000719784,5.971246477479246,0,monte_carlo_synthetic
SYN_0668,3.552800794626438,3.3350347060337557,5.369316909752652,7.081347361913594,4.159835066908642,0,monte_carlo_synthetic
SYN_0669,3.2676056324407887,3.2262393164549827,6.229403809592047,7.405800570717243,5.540999248126477,1,monte_carlo_synthetic
SYN_0670,3.406896755199042,3.6195837773936193,6.626634665587604,8.150223874245858,5.5562369196538794,1,monte_carlo_synthetic
SYN_0671,3.58908445260142,3.309432055555548,6.332515219446765,7.587453010273735,5.590147752061792,1,monte_carlo_synthetic
SYN_0672,3.636938684668095,3.4295172046706544,6.411098721137775,7.974649073186894,5.341127585348894,1,monte_carlo_synthetic
SYN_0673,3.2343752965704153,3.180589349324642,6.376510182734515,7.9562575278281695,5.271267707131739,1,monte_carlo_synthetic
SYN_0674,3.1012879316714987,3.356223302553571,6.543469750377166,7.683980755556036,5.62447153455514,1,monte_carlo_synthetic
SYN_0675,3.798510439848928,3.3573310802017953,6.246963200411427,7.630251446656749,5.209609793869386,0,monte_carlo_synthetic
SYN_0676,3.1476235480314285,3.4642740325540733,6.410400363752306,7.837175958805388,5.6590669841132915,1,monte_carlo_synthetic
SYN_0677,3.5268318124857942,3.3784457758846216,6.302642136182886,7.649156915134595,5.39826581120012,1,monte_carlo_synthetic
SYN_0678,3.3422749789674855,3.302969311271921,6.4027598275754505,8.084426950728789,5.6102917143468645,1,monte_carlo_synthetic
SYN_0679,3.391913752740161,3.37665961496212,6.3740570128791205,7.642017351297454,5.658189022542102,1,monte_carlo_synthetic
SYN_0680,3.2956185332678616,3.128115951399637,6.690944023500291,7.492662849828402,5.298978204463555,1,monte_carlo_synthetic
SYN_0681,3.167309584035018,3.354366354054453,6.277583271316927,7.7178939538777165,5.81913659204747,1,monte_carlo_synthetic
SYN_0682,3.307981202858086,3.2692949616996447,7.539639209086979,8.017417468067466,5.734062790670323,1,monte_carlo_synthetic
SYN_0683,3.5553029134742458,3.3280234590758044,6.801138054421309,8.005306781089626,5.284842807153902,1,monte_carlo_synthetic
SYN_0684,3.3491993534038444,3.289453333281687,6.920958115834561,7.667009407943611,5.916256159971067,1,monte_carlo_synthetic
SYN_0685,3.2671113802342155,3.1093207954099236,6.312279200239782,7.783176112730765,4.781535173938049,1,monte_carlo_synthetic
SYN_0686,3.318595838749613,3.49719065075071,6.689286402809094,7.922482521292012,6.220810175858727,1,monte_carlo_synthetic
SYN_0687,3.7196150592620656,2.8277694580740307,6.351965175328498,7.162830297606352,5.395495564191087,0,monte_carlo_synthetic
SYN_0688,3.6698180995822876,3.37722846187981,6.293940908633772,7.613343493273165,5.111370206746991,1,monte_carlo_synthetic
SYN_0689,3.2298803829067797,2.8201154032947517,5.9566042519165405,7.319470846957162,4.799868883771069,0,monte_carlo_synthetic
SYN_0690,3.8103537052116527,3.3649336999348636,6.446681201046796,7.98713827123148,5.254598170852919,1,monte_carlo_synthetic
SYN_0691,3.272113741921698,3.411287339117206,6.227283144533555,7.759698343201193,5.291281843227644,1,monte_carlo_synthetic
SYN_0692,3.78722056977092,3.277338056374166,6.622272549190834,8.0939518855642,5.683491981323647,1,monte_carlo_synthetic
SYN_0693,3.365619355577144,3.3331555892338516,6.217493603620061,7.801617934188162,5.685315473020569,1,monte_carlo_synthetic
SYN_0694,3.3208616689092634,3.2976064970935286,6.364372031686324,7.972568847731406,5.033883254787822,1,monte_carlo_synthetic
SYN_0695,3.508263011792832,3.304273543708747,6.734299715183044,7.667894968333552,5.286982390277965,1,monte_carlo_synthetic
SYN_0696,3.0779917273767965,3.3828840998582477,6.779203363711626,7.598082139451914,5.782237847179828,1,monte_carlo_synthetic
SYN_0697,3.2717663762182414,3.1771642880363355,6.948924181442142,7.858642570478467,5.648935246940754,1,monte_carlo_synthetic
SYN_0698,3.66806411976618,3.3953712221013888,6.560610177832433,7.9730270004475985,5.383979035679462,1,monte_carlo_synthetic
SYN_0699,3.937035648060692,3.9295393171895023,5.733810296170504,7.344555294221318,4.156394656593236,0,monte_carlo_synthetic
SYN_0700,3.087141339473578,3.4363519980256867,6.871635222331182,7.965890095404879,5.738586381920875,1,monte_carlo_synthetic
SYN_0701,3.285755258356514,3.3451938172422158,5.95802442622134,7.797794246856922,5.166609238840142,1,monte_carlo_synthetic
SYN_0702,3.540671558550309,3.3623781153553587,6.9199143040721,7.950796628624487,4.971702264936585,1,monte_carlo_synthetic
SYN_0703,3.458238974522374,3.284389145154717,5.697193418883447,7.475589984655093,5.278411075794628,1,monte_carlo_synthetic
SYN_0704,3.3217896652664574,3.3880899694784707,6.404331680927001,7.923881420085451,5.285739974302279,1,monte_carlo_synthetic
SYN_0705,3.2449480511890645,3.4862412732146644,6.327154079706421,7.6293247004702485,5.668006912320947,1,monte_carlo_synthetic
SYN_0706,2.972316391582371,3.297530049117366,6.4874783888888805,7.952833335528572,6.017072789927906,1,monte_carlo_synthetic
SYN_0707,3.4702194466743124,3.2277057868552403,6.85342958371848,7.660439930227016,5.440999443677721,1,monte_carlo_synthetic
SYN_0708,3.3904288868558137,3.2357178963178614,6.025900353085323,7.777817988375262,5.026670845805584,1,monte_carlo_synthetic
SYN_0709,3.3832149366458286,3.2730966194389786,6.711743376973988,7.627494015955944,5.4272205398256546,1,monte_carlo_synthetic
SYN_0710,3.4022079681184585,3.3843329558626554,6.442516519163252,8.06508448819579,5.248933121138848,1,monte_carlo_synthetic
SYN_0711,3.356167723514552,3.3792588136706248,6.566753427013404,7.733608594054765,5.693678385733097,1,monte_carlo_synthetic
SYN_0712,3.289694986799759,3.3815234064256225,6.955823813445647,8.20297507491306,5.787505992961888,1,monte_carlo_synthetic
SYN_0713,3.4461488251337955,3.3008973511161974,6.341297369976894,8.140163716072854,5.586120119043464,1,monte_carlo_synthetic
SYN_0714,3.532943678169564,3.2951947489765936,6.916719721925909,7.82428335588396,5.464237522268476,1,monte_carlo_synthetic
SYN_0715,3.2562761809815695,3.8166547597562466,5.029158483826317,6.939063962173992,4.133314217876821,0,monte_carlo_synthetic
SYN_0716,3.416284058394136,3.231882333507391,6.781440534023437,7.946267196733104,5.2282784946523595,1,monte_carlo_synthetic
SYN_0717,3.345374891766947,3.3969345390066583,6.301867219948022,7.630452927485493,5.245049486022558,1,monte_carlo_synthetic
SYN_0718,3.3279173743865567,3.5245936073784967,5.893373508960442,7.424540045827035,4.949934403487141,0,monte_carlo_synthetic
SYN_0719,3.4211126030752053,3.481663208906517,6.795353156781047,7.931410258640794,5.557316918986651,1,monte_carlo_synthetic
SYN_0720,3.4961699414307708,3.293640233461061,6.202569975742076,7.770786972472576,5.4175601078869775,1,monte_carlo_synthetic
SYN_0721,3.6130793498883005,3.5054927671922735,6.6265134302056055,7.823850558258445,5.222002388753393,1,monte_carlo_synthetic
SYN_0722,3.3686508703900615,3.427354768612067,6.59861257711366,7.7297134761778175,5.162554490433923,1,monte_carlo_synthetic
SYN_0723,3.500017579699056,3.2967980421884344,6.332455883589668,7.6742203474775055,5.5135797422710295,1,monte_carlo_synthetic
SYN_0724,3.1091404814010093,3.471951535295908,6.505661533647519,7.910474400970606,5.574805803316066,1,monte_carlo_synthetic
SYN_0725,3.5577869085685805,3.4292513125527266,6.912003613570144,7.915558582967553,6.238851879976465,1,monte_carlo_synthetic
SYN_0726,3.4275793280281706,3.184896025938998,6.553486371216682,7.518246341983587,5.082886202118111,1,monte_carlo_synthetic
SYN_0727,3.6297324390308727,3.32495704565957,6.602977321885972,7.473778189783641,5.4688846472078385,1,monte_carlo_synthetic
SYN_0728,3.273987825215994,3.392018969649666,6.261043726117871,7.777636313779786,5.559451970012444,1,monte_carlo_synthetic
SYN_0729,3.346141507665728,3.4699908448856416,6.57194130347774,7.908672227200075,5.502786904439792,1,monte_carlo_synthetic
SYN_0730,3.615773824639757,3.2516752650473237,6.44345707811155,7.655454579085632,5.244061669294135,1,monte_carlo_synthetic
SYN_0731,3.0917603095678126,3.50141255090265,6.167471852458127,7.620389801428126,4.924538823849624,1,monte_carlo_synthetic
SYN_0732,3.1859877223522863,3.1604056734285093,6.2724029085247315,7.5370557903193625,5.992621635412355,1,monte_carlo_synthetic
SYN_0733,3.4606692185218755,3.1836486677274287,6.240842977108329,8.057914965952865,5.2484859044485095,1,monte_carlo_synthetic
SYN_0734,3.320948904034777,3.2204037491400648,6.7393612213630085,8.004913836309761,5.612222671269813,1,monte_carlo_synthetic
SYN_0735,3.881870178083992,4.249769480316158,5.304771788016072,7.148603340574539,4.144837029500079,0,monte_carlo_synthetic
SYN_0736,3.6437951020987143,3.4495362637035045,6.025885714020595,7.948414444165523,5.3519994722856605,1,monte_carlo_synthetic
SYN_0737,3.4917974670496945,3.5001228840923164,7.050483128921027,8.207473290873551,5.707942318236055,1,monte_carlo_synthetic
SYN_0738,3.093264863355013,3.4884925884336258,5.941035282356546,7.621404549446788,5.457503327527416,1,monte_carlo_synthetic
SYN_0739,3.1127732564429875,3.4804272226189417,6.4478928855811395,7.7571571832125645,6.0414373314209895,1,monte_carlo_synthetic
SYN_0740,3.336511902930323,3.219544181197648,6.5770419676453225,7.836275062426971,5.218414848557109,1,monte_carlo_synthetic
SYN_0741,3.3407837662899853,3.396309630346502,6.803189177576672,7.985501088932692,5.401315762258489,1,monte_carlo_synthetic
SYN_0742,4.31253605556632,3.7500635148977994,5.756666553521733,7.171904113886677,5.175723404481117,0,monte_carlo_synthetic
SYN_0743,3.5959967073510617,4.377400692670125,6.434548415644295,7.56874176618418,5.947200265133846,0,monte_carlo_synthetic
SYN_0744,3.3231758768735404,3.222742486535448,6.488139000191065,7.618457338908798,5.216911049018239,1,monte_carlo_synthetic
SYN_0745,3.3459970854829995,3.2077364909318913,6.273882437773428,7.544709075635801,5.38259438339368,1,monte_carlo_synthetic
SYN_0746,3.2920243964947153,3.4061721292734637,6.3155457979938605,7.870581049162196,5.508702019591884,1,monte_carlo_synthetic
SYN_0747,3.9268427602558185,4.876650837363821,6.039628933345631,7.409553702349441,5.205083525987788,0,monte_carlo_synthetic
SYN_0748,3.461380563796868,3.2003000221610103,6.502116653041381,7.834429248149763,5.350780277366332,1,monte_carlo_synthetic
SYN_0749,3.5303947602170775,3.5073056522337387,6.489461642646983,7.627846753361487,5.653134678122478,1,monte_carlo_synthetic
SYN_0750,2.9504748800976897,3.909245439439763,5.4843201728696025,7.681140689586409,4.262291979766707,0,monte_carlo_synthetic
SYN_0751,3.453562251162992,3.462921053431787,6.654971007978256,7.972617067689345,5.422109369549661,1,monte_carlo_synthetic
SYN_0752,3.6189942104446704,3.4023255819708,6.998963167500662,8.071552546615983,5.560474131299847,1,monte_carlo_synthetic
SYN_0753,3.2461012713888193,3.1534838370059903,6.129961752408315,7.6967827522266745,5.3685647503635305,1,monte_carlo_synthetic
SYN_0754,3.3548742942387486,3.5424440248143947,6.788845569815422,8.210714178994287,5.989544174782142,1,monte_carlo_synthetic
SYN_0755,3.8115096093058503,3.3647732057762396,5.773236299738775,6.958887398689478,4.295109427626179,0,monte_carlo_synthetic
SYN_0756,3.1391735573329904,3.2480907159819714,6.445954685958934,7.637389544028796,5.6011814748333855,1,monte_carlo_synthetic
SYN_0757,3.2347637900229653,3.424997585905004,6.1512508678096935,8.074696058964346,5.343040325118981,1,monte_carlo_synthetic
SYN_0758,3.3372471736116043,3.450540697803676,6.531544930796925,8.12252173897933,5.954115323982645,1,monte_carlo_synthetic
SYN_0759,3.0755021309778416,3.3301094220898246,7.011289149654415,7.755988535843699,5.722091831019646,1,monte_carlo_synthetic
SYN_0760,3.2837560347510566,3.3791239479500073,6.622481898133422,7.758603152747782,5.879680665653952,1,monte_carlo_synthetic
SYN_0761,3.4159752314157465,3.1549101747298356,7.170224308344523,7.87865400798828,5.910176456596642,1,monte_carlo_synthetic
SYN_0762,3.547047317618907,3.149930305828461,6.844438410797152,7.579112506033961,5.751610142896028,1,monte_carlo_synthetic
SYN_0763,3.4751475178032276,3.8607411739892457,6.229794507273601,8.050271624197315,5.10185753530749,0,monte_carlo_synthetic
SYN_0764,3.3634143262964358,3.2081657792087053,5.838188934994903,7.441704641946485,4.954946507932524,1,monte_carlo_synthetic
SYN_0765,3.821423375866059,3.8061075902152695,6.348161512734661,7.500145015269662,4.839935240610063,0,monte_carlo_synthetic
SYN_0766,3.316557190265056,3.3469362717990916,6.425447945634664,7.696915973925586,5.33969761085014,1,monte_carlo_synthetic
SYN_0767,3.2425892812477923,3.284453739637203,6.951122314593147,7.669122696991144,5.62318679400158,1,monte_carlo_synthetic
SYN_0768,3.5245985785611342,3.1934699745913595,7.000539209904158,7.647961355364011,6.115715352338389,1,monte_carlo_synthetic
SYN_0769,3.998685888184528,3.2979171398550755,5.680290149975632,7.4477637404130315,5.179101382946766,0,monte_carlo_synthetic
SYN_0770,3.303287697407327,3.2515052352975173,6.196429937962838,7.660365953069972,5.51367529673969,1,monte_carlo_synthetic
SYN_0771,3.2129685351111217,3.2723620328937835,6.775766031056888,8.007454559847021,5.92673423938353,1,monte_carlo_synthetic
SYN_0772,4.435256322119876,3.299215611786762,6.834614678316592,7.584576588294851,5.584626501890415,0,monte_carlo_synthetic
SYN_0773,3.35981512729691,3.2783755437202924,6.352049184226847,7.771658874999497,4.947885304395882,1,monte_carlo_synthetic
SYN_0774,3.2769339746711257,3.5168369706557776,6.729189434462597,7.723632640159533,5.671746492864839,1,monte_carlo_synthetic
SYN_0775,3.457313645662501,3.1841242317109955,6.493760233371045,7.920000679551563,4.864730479996087,1,monte_carlo_synthetic
SYN_0776,4.211899246875039,4.002315151304593,7.011572979833694,7.7561856344577285,5.589256931426789,0,monte_carlo_synthetic
SYN_0777,3.40188626212036,3.567141199836801,6.428315544262765,7.8019592844675225,5.20416857473536,1,monte_carlo_synthetic
SYN_0778,3.3542615124059125,3.4083249985572563,6.040310651730098,7.518539863174436,5.23316001863871,1,monte_carlo_synthetic
SYN_0779,3.4265418706875392,3.4331581723427136,6.774192159332516,7.81038690469634,5.773660089248736,1,monte_carlo_synthetic
SYN_0780,3.650290001613248,3.576440427231931,5.844922308082443,7.49588040265653,4.821845100603845,0,monte_carlo_synthetic
SYN_0781,3.5023208452800154,3.2299534245847084,6.883266151427207,7.7432261034112,5.443827951418704,1,monte_carlo_synthetic
SYN_0782,3.491271567936886,3.2742287541762995,6.588105688802136,7.7258319777595394,5.763816556208535,1,monte_carlo_synthetic
SYN_0783,2.9597584093225033,3.2958243620162593,6.976435305721032,7.5015799146186986,5.709002678449297,1,monte_carlo_synthetic
SYN_0784,3.800229635505311,4.254251512506378,6.8954506551656,7.737945221740762,5.324257776675647,0,monte_carlo_synthetic
SYN_0785,3.302625171094767,3.4128911221352785,6.1581213135853305,7.652689085055792,5.261001916641267,1,monte_carlo_synthetic
SYN_0786,3.2337769171505815,3.247855620732033,6.7323752960167,7.705861993524742,5.762470538400662,1,monte_carlo_synthetic
SYN_0787,3.450478060619621,3.4087432904057735,6.165373491057758,8.14113753683552,5.34581226678254,1,monte_carlo_synthetic
SYN_0788,3.7071562427858367,3.774095210385518,5.075817597009955,6.937525293578762,4.134373408966934,0,monte_carlo_synthetic
SYN_0789,3.3011629771542395,3.6488323010053123,7.070682320715282,7.889314280892153,5.775875935821144,1,monte_carlo_synthetic
SYN_0790,3.652379029657122,3.3139080976964985,6.765750873215034,8.04875720340961,5.707910829271481,1,monte_carlo_synthetic
SYN_0791,3.2166526340812416,3.3169937554466538,6.684844540015292,7.763834117245478,5.654173315653487,1,monte_carlo_synthetic
SYN_0792,3.3629444991347657,3.3598912289524425,6.733408079513761,7.918762798788949,5.7902280312799,1,monte_carlo_synthetic
SYN_0793,4.299587794002555,3.972496784391301,6.546803041403901,7.659223537945906,5.290390047674233,0,monte_carlo_synthetic
SYN_0794,3.118268604123946,3.3908313479253667,7.01932390771234,7.446820561911131,5.78512142296201,1,monte_carlo_synthetic
SYN_0795,4.125810622302641,4.286929991819177,5.668509913295307,7.14545698885682,4.508346300079052,0,monte_carlo_synthetic
SYN_0796,3.3019546783917657,3.3814622620712793,6.517675672266942,7.9918021861436825,5.7362226223689685,1,monte_carlo_synthetic
SYN_0797,3.537401977180487,4.425451649143705,5.6053698187819165,7.724774330622253,4.538332626353822,0,monte_carlo_synthetic
SYN_0798,3.6335643976333802,3.3351092602541073,6.579627578488366,7.739735797514748,5.602381893042459,1,monte_carlo_synthetic
SYN_0799,3.5718283434754734,3.3391638536858865,6.394566920003662,8.090809310843323,5.901430046565072,1,monte_carlo_synthetic
SYN_0800,3.1281376671545242,3.3123622754631974,5.968553501534324,7.678655423071188,5.285632581424414,1,monte_carlo_synthetic
